CREATE DATABASE  IF NOT EXISTS `fifo` /*!40100 DEFAULT CHARACTER SET utf8 */;
USE `fifo`;
-- MySQL dump 10.13  Distrib 5.6.23, for Win64 (x86_64)
--
-- Host: localhost    Database: fifo
-- ------------------------------------------------------
-- Server version	5.6.24-log

/*!40101 SET @OLD_CHARACTER_SET_CLIENT=@@CHARACTER_SET_CLIENT */;
/*!40101 SET @OLD_CHARACTER_SET_RESULTS=@@CHARACTER_SET_RESULTS */;
/*!40101 SET @OLD_COLLATION_CONNECTION=@@COLLATION_CONNECTION */;
/*!40101 SET NAMES utf8 */;
/*!40103 SET @OLD_TIME_ZONE=@@TIME_ZONE */;
/*!40103 SET TIME_ZONE='+00:00' */;
/*!40014 SET @OLD_UNIQUE_CHECKS=@@UNIQUE_CHECKS, UNIQUE_CHECKS=0 */;
/*!40014 SET @OLD_FOREIGN_KEY_CHECKS=@@FOREIGN_KEY_CHECKS, FOREIGN_KEY_CHECKS=0 */;
/*!40101 SET @OLD_SQL_MODE=@@SQL_MODE, SQL_MODE='NO_AUTO_VALUE_ON_ZERO' */;
/*!40111 SET @OLD_SQL_NOTES=@@SQL_NOTES, SQL_NOTES=0 */;

--
-- Table structure for table `collection`
--

DROP TABLE IF EXISTS `collection`;
/*!40101 SET @saved_cs_client     = @@character_set_client */;
/*!40101 SET character_set_client = utf8 */;
CREATE TABLE `collection` (
  `email` varchar(100) NOT NULL,
  `collectionName` varchar(100) NOT NULL,
  `mealList` text,
  PRIMARY KEY (`email`,`collectionName`),
  CONSTRAINT `FK_user_collection` FOREIGN KEY (`email`) REFERENCES `user` (`email`) ON DELETE CASCADE ON UPDATE CASCADE
) ENGINE=InnoDB DEFAULT CHARSET=utf8;
/*!40101 SET character_set_client = @saved_cs_client */;

--
-- Dumping data for table `collection`
--

LOCK TABLES `collection` WRITE;
/*!40000 ALTER TABLE `collection` DISABLE KEYS */;
INSERT INTO `collection` VALUES ('thanghandsome1302@gmail.com','AAAAA','48, 59');
/*!40000 ALTER TABLE `collection` ENABLE KEYS */;
UNLOCK TABLES;

--
-- Table structure for table `diet`
--

DROP TABLE IF EXISTS `diet`;
/*!40101 SET @saved_cs_client     = @@character_set_client */;
/*!40101 SET character_set_client = utf8 */;
CREATE TABLE `diet` (
  `dietID` int(11) NOT NULL AUTO_INCREMENT,
  `dietName` varchar(50) DEFAULT NULL,
  PRIMARY KEY (`dietID`)
) ENGINE=InnoDB AUTO_INCREMENT=6 DEFAULT CHARSET=utf8;
/*!40101 SET character_set_client = @saved_cs_client */;

--
-- Dumping data for table `diet`
--

LOCK TABLES `diet` WRITE;
/*!40000 ALTER TABLE `diet` DISABLE KEYS */;
INSERT INTO `diet` VALUES (1,'Unidentified'),(2,'diet'),(3,'vegetablefood'),(4,'gainweight'),(5,'weightlifting');
/*!40000 ALTER TABLE `diet` ENABLE KEYS */;
UNLOCK TABLES;

--
-- Table structure for table `favorite`
--

DROP TABLE IF EXISTS `favorite`;
/*!40101 SET @saved_cs_client     = @@character_set_client */;
/*!40101 SET character_set_client = utf8 */;
CREATE TABLE `favorite` (
  `email` varchar(100) NOT NULL,
  `mealID` int(11) NOT NULL,
  PRIMARY KEY (`email`,`mealID`),
  KEY `FK_FAVORITE2` (`mealID`),
  CONSTRAINT `FK_FAVORITE` FOREIGN KEY (`email`) REFERENCES `user` (`email`) ON DELETE CASCADE ON UPDATE CASCADE,
  CONSTRAINT `FK_FAVORITE2` FOREIGN KEY (`mealID`) REFERENCES `meal` (`mealID`) ON DELETE CASCADE ON UPDATE CASCADE
) ENGINE=InnoDB DEFAULT CHARSET=utf8;
/*!40101 SET character_set_client = @saved_cs_client */;

--
-- Dumping data for table `favorite`
--

LOCK TABLES `favorite` WRITE;
/*!40000 ALTER TABLE `favorite` DISABLE KEYS */;
INSERT INTO `favorite` VALUES ('caohoangthang93@gmail.com',48),('minh_triet193@yahoo.com.vn',48),('phatnd0302@gmail.com',48),('thanghandsome1302@gmail.com',48),('thefrozenman_176@yahoo.com.vn',48),('caohoangthang93@gmail.com',49),('phatnd0302@gmail.com',49),('thanghandsome1302@gmail.com',49),('thefrozenman_176@yahoo.com.vn',49),('caohoangthang93@gmail.com',50),('thanghandsome1302@gmail.com',50),('thanghandsome1302@gmail.com',53),('thienthan_nhox93@yahoo.com.vn',53),('thanghandsome1302@gmail.com',54),('thefrozenman_176@yahoo.com.vn',54),('thienthan_nhox93@yahoo.com.vn',54),('thanghandsome1302@gmail.com',56),('thanghandsome1302@gmail.com',58),('minh_triet193@yahoo.com.vn',60),('thanghandsome1302@gmail.com',60),('thefrozenman_176@yahoo.com.vn',60),('thanghandsome1302@gmail.com',67),('thanghandsome1302@gmail.com',68),('thanghandsome1302@gmail.com',69),('thefrozenman_176@yahoo.com.vn',69),('thanghandsome1302@gmail.com',70),('ksangnguyenthi@gmail.com',78),('thanghandsome1302@gmail.com',79),('thanghandsome1302@gmail.com',83),('thanghandsome1302@gmail.com',85),('ksangnguyenthi@gmail.com',86),('thanghandsome1302@gmail.com',88),('thanghandsome1302@gmail.com',89),('thanghandsome1302@gmail.com',90),('thanghandsome1302@gmail.com',97),('thanghandsome1302@gmail.com',101),('minh_triet193@yahoo.com.vn',102);
/*!40000 ALTER TABLE `favorite` ENABLE KEYS */;
UNLOCK TABLES;

--
-- Table structure for table `meal`
--

DROP TABLE IF EXISTS `meal`;
/*!40101 SET @saved_cs_client     = @@character_set_client */;
/*!40101 SET character_set_client = utf8 */;
CREATE TABLE `meal` (
  `mealID` int(11) NOT NULL AUTO_INCREMENT,
  `nationID` int(11) NOT NULL DEFAULT '1',
  `mealTypeID` int(11) NOT NULL DEFAULT '1',
  `festivalID` int(11) NOT NULL DEFAULT '1',
  `dietID` int(11) NOT NULL DEFAULT '1',
  `mealNameVN` varchar(50) DEFAULT NULL,
  `mealPicture` text,
  `numberOfLike` bigint(20) DEFAULT NULL,
  `descriptionVN` text,
  `tutorialVN` text,
  `insertedByEmail` varchar(100) DEFAULT NULL,
  PRIMARY KEY (`mealID`),
  KEY `FK_FESTIVAL_MEAL` (`festivalID`),
  KEY `FK_MEALTYPE_MEAL` (`mealTypeID`),
  KEY `FK_USER_MEAL` (`insertedByEmail`),
  KEY `FK_NATION_MEAL` (`nationID`),
  KEY `FK_DIET_MEAL` (`dietID`),
  CONSTRAINT `FK_DIET_MEAL` FOREIGN KEY (`dietID`) REFERENCES `diet` (`dietID`) ON DELETE CASCADE ON UPDATE CASCADE,
  CONSTRAINT `FK_FESTIVAL_MEAL` FOREIGN KEY (`festivalID`) REFERENCES `festival` (`festivalID`) ON DELETE CASCADE ON UPDATE CASCADE,
  CONSTRAINT `FK_MEALTYPE_MEAL` FOREIGN KEY (`mealTypeID`) REFERENCES `meal_type` (`mealTypeID`) ON DELETE CASCADE ON UPDATE CASCADE,
  CONSTRAINT `FK_NATION_MEAL` FOREIGN KEY (`nationID`) REFERENCES `nation` (`nationID`) ON DELETE CASCADE ON UPDATE CASCADE,
  CONSTRAINT `FK_USER_MEAL` FOREIGN KEY (`insertedByEmail`) REFERENCES `user` (`email`) ON DELETE CASCADE ON UPDATE CASCADE
) ENGINE=InnoDB AUTO_INCREMENT=103 DEFAULT CHARSET=utf8;
/*!40101 SET character_set_client = @saved_cs_client */;

--
-- Dumping data for table `meal`
--

LOCK TABLES `meal` WRITE;
/*!40000 ALTER TABLE `meal` DISABLE KEYS */;
INSERT INTO `meal` VALUES (48,2,2,1,4,'Sáng tạo với món bò lagu','http://192.168.1.20:8070/image/10941758-582013238603017-15499-3535-6746-1425547814.jpg',4,'Bắp bò hoặc bò nạm (nếu nấu bằng bắp bò sẽ ngon và đỡ béo hơn), cà chua, tương cà chua, cà rốt,  khoai tây, cần tây (cần tàu), thanh quế nhỏ, ngũ vị hương, hành khô, tỏi khô, rượu vang đỏ, hạt nêm, muối, đường, dầu ăn.','Bước 1. Ướp bò với một phần hành tỏi khô trong khoảng 5-10 phút. \n\nBước 2. Phi thơm một phần hành tỏi với một chút dầu ăn rồi cho bò xào săn lại. Thêm tương cà chua vào xào cùng, sau đó nêm hạt nêm và chút muối. Múc thịt bò ra một bát riêng, để nguội.\n\nBước 3. Khi thịt nguội thì ướp ngũ vị hương. Chỉ dùng một lượng nhỏ ngũ vị hương để tránh nặng mùi ngũ vị cho món ăn.\n\nBước 4. Tiếp tục xào một phần hành tỏi bằm nhỏ với cần tây bằm nhỏ, khi dậy mùi thơm thì cho cà chua vào xào cùng. Cà chua mềm thì cho thịt bò vào, đảo đều khoảng 5 phút, tiếp tục đổ một chút nước vào. Nêm thêm đường, muối, hạt nêm mì chính vừa miệng, thả một thanh quế và chút rượu vang. Trong quá trình hầm bò đổ khoai tây vào nồi, bò gần mềm thì đến lượt cà rốt. Canh thời gian hầm mềm vừa hay thật mềm ùy khẩu vị từng gia đình.\n\nLưu ý: Món này không dùng nước mắm. Nhìn chung, các món ăn chế biến từ thịt bò hay những thịt có mùi gây như nai, dê... không nên ướp nước mắm vì dùng nước mắm có thể tạo những mùi vị rất khó chịu.','phatnd0302@gmail.com'),(49,1,3,1,2,'Cá rán sốt xì dầu','http://192.168.1.20:8070/image/caranxidau-1e145.jpg',4,'Các món cá nói chung và cá hồng nói riêng đều là loại thực phẩm vô cùng phổ biến và tốt cho sức khỏe. Nguồn vitamin, khoáng chất, protein và omega-3 có trong thịt cá đã được khoa học chứng minh là dễ hấp thu, đặc biệt tốt cho hệ tiêu hóa và tim mạch của con người. Bên cạnh đó, có một số loại cá không hề đắt mà vẫn ngon nữa chứ!','- Rửa sạch cá, ướp với một chút rượu trắng để khử mùi tanh. Trong chảo dầu nóng, bạn cho cá vào rán cho đến khi cá vừa chín vàng ở 2 mặt.\n\n- Để làm phần sốt xì dầu, bạn cho xì dầu, giấm, đường và nước vào một bát nhỏ rồi khuấy đều cho đến khi đường tan hết.\n\n- Phi thơm tỏi băm trong chảo, sau đó thêm sốt xì dầu vào. Đun đến khi sốt vừa nóng thì cho cá vào rán cùng. Rắc thêm hành lá lên trên rồi tắt bếp.\n','phatnd0302@gmail.com'),(50,1,6,1,2,'đaa','http://192.168.1.20:8070/image/bun-rieu-cua-moc-bo.jpg',2,'áđá','ádấd','phatnd0302@gmail.com'),(51,1,4,1,4,'cánh gà','http://192.168.1.20:8070/image/canh-ga-ran-gion-xot-chua-ngot.jpg',1,'àgdghfj','gjghj','phatnd0302@gmail.com'),(53,1,1,1,4,'Bánh dâu tây','http://192.168.1.20:8070/image/1434432342-vanilla-cake-vert.jpg',2,'Chỉ cần 1-2 phút nướng trong lò vi sóng là bạn đã có món bánh dâu tây ngon ngất ngây cho bữa sáng.','guyên liệu:\n\n- 35g bột mì + 5g bột mig\n\n- 1.5g bột nở; 30g đường mía; 1 nhúm muối; 60ml sữa; 15ml dầu hạt cải; 5ml vani chiết xuất; 1 quả dâu tây tươi, thái nhỏ\n\nCách làm:\n\nBước 1: Trộn tất cả các nguyên liệu khô  gồm bột mì, bột nở, đường, muối vào trong một bát.\n\nBước 2: Thêm sữa, dầu, vani vào các nguyên liệu khô và trộn đến khi hỗn hợp bột bánh mịn.\n\nBước 3: Cho dâu tây thái nhỏ vào trộn tiếp.\n\nBước 4: Sau đó đổ hỗn hợp bột vào khay nướng bánh (khay sứ). Chỉ cho bột vào ¾ khay để bánh còn nở. Cho vào lò vi sóng và quay bánh trong 1-2 phút là được.\n\nBánh ăn nóng hoặc lạnh đều ngon. Bạn cũng có thể ăn kèm thêm dâu tây tươi sắt nhỏ.','phatnd0302@gmail.com'),(54,1,4,1,4,'Trứng hấp đủ vị với 3 loại trứng','http://192.168.1.20:8070/image/trung-hap-sp2-b3226.jpg',3,'Hãy cùng thử biến tấu món trứng hấp quen thuộc với công thức kết hợp béo ngậy','Nguyên liệu làm món trứng hấp bao gồm:\n\n- 4 quả trứng gà\n- 2 quả trứng muối\n- 2 quả trứng bắc thảo\n- 1 khay đựng inox (có thể thay bằng khay bọc giấy bạc)\n\nBắt tay vào thực hiện thôi nào:\nBước 1:\n\n- Đầu tiên, các bạn chuẩn bị sẵn khay đựng. Có thể sử dụng khay inox hoặc khay bọc giấy bạc.\n\nBước 2:\n- Với trứng gà tươi, bạn tách riêng lòng trắng và đỏ. Lòng đỏ đánh tan. Chú ý, không để trứng nổi bọt sẽ gây rỗ bề mặt khi hấp.\n- Cắt trứng muối và trứng bắc thảo thành những miếng nhỏ sau đó xếp vào khay. Đổ lòng trắng vào và hấp sơ qua cho lòng trắng kết lại.\n\nBước 3:\n\n- Tiếp theo, bạn đổ lòng đỏ đã đánh tan lên trên và hấp trong vòng 20 phút. Lưu ý, khi hấp nên mở hé vung để hơi nước không rơi vào trứng.\n\nĐợi trứng nguội rồi sắp ra đĩa để thưởng thức nhé!','phatnd0302@gmail.com'),(56,1,1,1,5,'Khoai tây xào tỏi ớt','http://192.168.1.20:8070/image/khoaixaotoiotmenu-1b35b.jpg',1,'Cách chế biến khoai tây phổ biến nhất thường là chiên giòn hoặc nấu canh, nhưng hôm nay, chúng ta cùng đổi vị một chút với công thức khoai xào tỏi ớt thơm ngon, mới lạ này nhé!','Nguyên liệu:\n- 300g khoai tây\n- 3 nhánh hành boa-rô\n- hành lá, gừng, tỏi, ớt\n\nCách làm:- Rửa sạch khoai, gọt vỏ và luộc chín trong một nồi nước nhỏ có hòa một chút muối. Khi khoai chín thì vớt ra, ngâm vào tô nước lạnh và cắt miếng nhỏ vừa ăn.\n\n- Đun nóng dầu trong chảo, cho ớt (có thể thay bằng tương ớt còn nguyên mảnh nếu bạn không ăn cay nhiều), tỏi băm nhỏ vào phi thơm.\n\n- Cuối cùng, cho khoai đã luộc chín cùng hành boa-rô cắt khúc vào đảo nhanh tay cho thấm gia vị và đổ ra đĩa.','phatnd0302@gmail.com'),(57,1,3,1,4,'Canh sườn hầm củ cải','http://192.168.1.20:8070/image/Suonhamcucai-1b35b.jpg',NULL,'Một nồi canh sườn hầm củ cải “ngon từ thịt, ngọt từ xương” dễ ăn, dễ nấu sẽ là gợi ý hoàn hảo cho bữa cơm của nhà mình hôm nay. Trời nóng thế này mà được ăn bát canh ngọt lành thế này thì còn gì bằng. Để tiết kiệm chi phí đi chợ, bạn có thể thay sườn bằng xương ống nhé!','Nguyên liệu:\n- 1 củ cải trắng\n- 300g sườn non\n\nCách làm: \n- Rửa sạch sườn rồi cho sườn vào luộc qua với vài lát gừng và một ít muối. Sau đó, lấy sườn ra, rửa sạch lại một lần nữa rồi cho vào nồi hầm.\n\n- Khi sườn đã mềm, các bạn thả củ cải vào đun đến khi chín thì cho hành lá thái nhỏ vào là xong. Chú ý nêm nếm gia vị cho vừa miệng.','phatnd0302@gmail.com'),(58,1,3,1,2,'Dưa mắm xào thịt','http://192.168.1.20:8070/image/dua-mam-xao-thit-3b0b0.jpg',1,'Dưa mắm là một loại thực phẩm phổ biến ở các tỉnh miền Nam nước ta, thường được làm từ quả dưa gang còn non. Món dưa có vị chua nhẹ giúp cân bằng vị giác nhất là với các món có nhiều dầu mỡ. Hôm nay, chúng ta cùng chế biến món dưa mắm xào thịt cay cay, đậm đà bản sắc Nam Bộ này nhé! Bạn có thể tìm mua dưa mắm ở các chợ hoặc siêu thị.','Nguyên liệu:\n- 100g thịt nạc vai\n- 50g dưa mắm\n- Hành lá, ớt xanh, ớt đỏ\n\nCách làm món dưa mắm xào thịt, như sau:\n\n- Trước tiên, bạn thái nấm, ớt thành những lát mỏng. Thái dưa mắm và thịt thành những miếng dài, nhỏ vừa ăn rồi ngâm dưa mắm trong nước khoảng 5 để loại bỏ bớt vị mặn.\n\n- Sau đó, xào thịt đến khi chín thì cho lần lượt nấm, ớt, dưa mắm vào đảo cùng. Cuối cùng, bạn nêm nếm với một chút dầu hào cho vừa miệng là xong.','phatnd0302@gmail.com'),(59,1,1,1,4,'Trứng hấp ngô thịt','http://192.168.1.20:8070/image/trung-hap-sieu-ngon-dam-bao-ai-cung-thich.jpg',NULL,'Trứng hấp với tôm, thịt và ngô ngọt - vừa đủ chất mà lại đẹp mắt, ngon miệng nữa đó!','Chuẩn bị những nguyên liệu sau:\n- 50g thịt xay\n- 50g tôm thịt (bóc bỏ đầu, vỏ)\n- 20g ngô ngọt\n- 3 quả trứng\n- 2 lát gừng băm\n- 1 cây hành lá\n\nBước 1:\n\n- Băm nhuyễn tôm cùng thịt xay cho vào một chiếc bát. Rửa sạch hành lá rồi thái thật nhỏ.	\n\nBước 2:\n\n- Trộn đều tất cả các nguyên liệu lại với nhau (để lại 2 quả trứng) và nêm gia vị cho vừa.\n\nBước 3:\n\n- Chia hỗn hợp thịt vào 2 chiếc bát con, tạo một lỗ nhỏ ở giữa rồi đập trứng lên. Đem trứng đi hấp khoảng 20.','phatnd0302@gmail.com'),(60,1,3,1,4,'Canh sườn ngô ngọt','http://192.168.1.20:8070/image/thu-3-4-69948-3b0b0.jpg',3,'Cuối cùng, đối với món canh, bạn có thể thay đổi một chút với công thức canh sườn bình thường bằng ngô ngọt. Ăn cơm với canh sườn ngon ngọt thì còn gì tuyệt vời hơn phải không? Bạn lưu ý nên chần qua sườn trước khi nấu để nước canh luôn được trong và ngon hơn nhé!','Nguyên liệu:\n- 300g sườn non\n- 50g ngô ngọt\n- 1 củ cà rốt\n\nCách làm canh sườn nấu ngô:\n\n- Rửa sạch sườn, cho vào luộc qua rồi vớt ra rửa sạch một lần nữa. Sau đó, cho sườn vào nồi hầm. Nếu dùng nồi áp suất thì các bạn chỉ cần hầm trong khoảng 10 thôi.\n\n- Cắt ngô và cà rốt thành từng khúc vừa ăn.\n\n- Khi sườn đã được hầm đủ, các bạn cho ngô và cà rốt vào nồi, nêm nếm gia vị rồi đun đến khi ngô chín là được. Nếu ở trên dùng nồi áp suất thì ở bước này, các bạn cần đổ sườn ra nồi thường rồi mới cho ngô vào nấu chung nhé!','phatnd0302@gmail.com'),(61,1,1,1,2,'Bánh mì chiên trứng','http://192.168.1.20:8070/image/banhmi-sp1-398fc.png',NULL,'Mùi vị của món bánh mì chiên trứng phủ sốt phô mai sẽ chinh phục được cả những người khó tính nhất ','Nguyên liệu cần để làm:\n- 2 lát bánh mì gối\n- 2 quả trứng\n- 1 - 2 lát thịt nguội\n- 2 lát phô mai\n- 30ml sữa tươi\n\nCách làm như sau:\nBước 1:\n- Bạn dùng khuôn cắt, cắt bánh mì, thịt nguội, 1 lát phô mai thành từng miếng có kích cỡ bằng nhau. Đây chỉ là bước tạo hình, giúp cho món ăn đẹp mắt hơn. Nếu không thích thì bạn có thể bỏ qua.\n\nBước 2:\n- Kẹp phô mai, thịt nguội vào giữa bánh mì.\n\nBước 3:\n- Đánh tan 1 quả trứng với một chút muối rồi nhúng đều các mặt của chiếc bánh vào trứng.\n\nBước 4:\n- Rán bánh trên chảo cho tới khi trứng chín đều các mặt.\n\nBước 5:\n- Giờ thì chúng ta cần chần quả trứng còn lại với giấm. Các bạn có thể tham khảo cách làm tại đây.\n	\nBước 6:\n- Cuối cùng, bạn cho miếng phô mai còn lại vào chảo đun cùng sữa tươi và một ít hạt tiêu để làm thành sốt nhé!\nĐặt trứng chần lên trên bánh mì và rưới sốt phô mai lên là xong!','phatnd0302@gmail.com'),(62,1,1,1,2,'Miến nấu tôm nấm','http://192.168.1.20:8070/image/miennautomnam-5a1b8.jpg',NULL,'Bỗng một ngày bạn chán cơm và cũng chẳng thèm phở, thế thì thử ngay công thức miến nấu tôm nấm đơn giản mà không kém phần hấp dẫn này xem nhé. Bí quyết của món ăn nằm ở việc dùng thố đất để nấu thay cho nồi xoong inox chúng ta vẫn dùng hàng ngày. Nó giúp cho món ăn được giữ nóng lâu hơn và mùi vị cũng được giữ trọn vẹn hơn đấy.','Nguyên liệu:\n- 12 con tôm sú\n- 5 tai nấm đông cô\n- Hành lá, tỏi, gừng, tiêu ớt\n- 200g miến \n\nCách thực hiện như sau:\n\n- Đầu tiên, bạn ngâm miến vào nước chừng 15’ cho nở mềm. Sau đó bạn vớt miến ra và để ráo. Cùng lúc đó bạn cũng nhớ làm sạch nấm và tôm tươi nhé.\n\n- Đun nóng dầu trong chảo, phi thơm tỏi, gừng, ngò rí băm nhuyễn và trút tôm đã làm sạch vào xào đến khi vừa chín tới.\n\n- Bạn cần làm nóng thố đất trước rồi lần lượt xếp nấm tươi và phần tôm cùng nước xào vào. Sau đó, bạn nêm thêm muối, nước tương, rượu trắng, hạt tiêu, nước vào thố và đậy kín nắp, đun sôi rồi thả miến vào và đun tiếp 2 phút là được.','phatnd0302@gmail.com'),(63,1,1,1,2,'Chè xoài nếp cẩm','http://192.168.1.20:8070/image/kem-xoai-nep-cam-sp1-88a21.jpg',0,'Bạn đã có ý tưởng gì cho món tráng miệng của nhà mình tối nay chưa? Một chén chè xoài nếp cẩm mát rượi, ngọt say lòng người thì sao nhỉ? Với cách làm không quá phức tạp mà thành phẩm cuối cùng lại “ngon không tưởng nổi”, đây chắc chắn sẽ là một món tráng miệng khiến cả nhà phải bất ngờ về tài năng đầu bếp của bạn đấy! Chú ý là nếu không muốn tăng cân thì nên dùng ít nếp và đường thôi nhé!','Để làm món kem xoài nếp cẩm, bạn cần:\n- 1 quả xoài\n- 300g nếp cẩm\n- 50g ngô Mỹ tách hạt \n- 80g kem xoài\n- 80g sữa\n- 50g whipping cream\n- 60g đường\n\nCách làm món kem xoài nếp cẩm như sau:\nBước 1:\n- Ngâm gạo nếp cẩm trong khoảng 1 tiếng, sau đó thay nước cho ngập mặt gạo khoảng 5cm. Cho ngô và đường vào cùng nồi hấp chín trong khoảng 45 phút. \n- Đợi cho gạo nguội hẳn, bạn nắm lại thành từng viên rồi đặt vào bát.\n\nBước 2:\n- Cho kem xoài, sữa lạnh và whipping cream vào tô, sau đó đánh đều tay cho đến khi tạo bọt. Đổ nhẹ nhàng hỗn hợp này vào bát nếp cẩm, rưới lớp bọt lên trên.\n\nBước 3: \n- Cắt xoài thành 2 miếng, xẻ caro sao cho thịt xoài không tách khỏi vỏ, sau đó nhẹ nhàng bung vỏ xoài ra và xếp vào bát.\n- Gọt vỏ phần xoài còn lại và cắt miếng vừa ăn, xếp tiếp vào bát.','phatnd0302@gmail.com'),(64,1,4,1,4,'Gà nướng ướp sữa chua','http://192.168.1.20:8070/image/Greek-Chicken-front-dd428.jpg',NULL,'Thay vì chiên rán, bạn hãy thử công thức gà nướng thơm ngậy với nước sốt đầy thú vị này nhé!','Nguyên liệu để làm món gà nướng, như sau:\n- 6 cái đùi gà\n- 250g sữa chua\n- 100g pho mát Ricotta\n- Gia vị: lá húng quế, muối, tỏi, dầu ăn, hạt hạnh nhân rang\n\nCách làm món gà nướng, như sau:\nBước 1: \n- Đầu tiên, bạn rửa sạch húng quế rồi cho vào xay nhuyễn cùng với tỏi, hạnh nhân, muối, dầu ăn, pho mát.\n \nBước 2: \n- Trong một tô lớn, cho sữa chua và hỗn hợp vừa xay vào trộn đều tạo thành nước sốt.\n\nBước 3:\n- Bạn ướp đùi gà trong nước sốt khoảng 1 giờ.\n\nBước 4:\n- Lót giấy thấm dầu lên khay nướng và đặt từng miếng đùi gà lên. \n- Sau đó, bạn cho thịt gà vào nướng ở 220 độ C trong khoảng 30 là được.	\nPhần nước sốt còn lại, bạn đun sôi và rưới lên đùi gà để thưởng thức nhé!','phatnd0302@gmail.com'),(65,1,4,1,4,'Gà xào đu đủ','http://192.168.1.20:8070/image/mon-chinh-t6-040ce.jpg',NULL,'Để đổi vị cho món thịt gà quen thuộc, bạn hãy thử xào cùng với đu đủ và ớt. Đu đủ chín vừa ngọt ngọt ăn cùng với vị cay thơm của ớt sẽ khiến cho món thịt gà cực kì hấp dẫn đấy. Bạn lưu ý không nên xào thịt gà quá lâu hoặc to lửa sẽ khiến cho thịt gà bị khô nhé! Với món này, bạn cũng nên chọn những trái đu đủ chín vừa tới để khi xào đu đủ không bị nát mà vẫn giữ được vị thơm ngon của nó.','Nguyên liêuj:\n- 300g thịt ức gà\n- Hành baro, gừng, ớt xanh\n- 300g đu đủ \n\nCách làm món gà xào như sau:\n\n- Trước tiên, bạn thái đu đủ, thịt gà thành những miếng hạt lựu, đồng thời cắt ớt xanh thành những lát nhỏ.\n\n- Sau đó, cho thịt gà, ớt xanh và một chút muối vào xào sơ khoảng 7.\n\n- Cuối cùng, bạn cho đu đủ vào đảo cùng thịt gà và ớt đến khi chín thì nêm nếm với dầu hào nữa là xong rồi đấy!','phatnd0302@gmail.com'),(66,1,1,1,3,'Bún măng chay','http://192.168.1.20:8070/image/bun-mang-chay-300x225.png',0,'Nhắc đến món ăn chay, đôi khi trong suy nghĩ chúng ta hay mường tượng đó là món ăn có chút gì đó nhàn nhạt hoặc đơn điệu, không có quá nhiều màu sắc…Thế nhưng điều đó không đúng đâu nhé, những món chay cũng sẽ hấp dẫn vô cùng nếu bạn biết kết hợp và hài hòa về cách chế biến. Ở bài viết này mình sẽ gửi đến các bạn cách làm một món ăn khá ngon đó là bún măng chay.','Nguyên liệu chuẩn bị cho bún măng chay:\n2 củ cà rốt, 1/4 súp lơ trắng\n1/4 bắp cải, 1/4 dứa\n200 gam măng\n2 bìa đậu phụ, 100 gam váng đậu\n2 thìa canh chao sa tế\n1 cây boa-rô\n1 cây xà lách xoăn + rau ăn kèm, vài tai mộc nhĩ\nGia vị: Xì dầu, đường, muối, dầu điều\nCác bước thực hiện cách làm bún măng chay:\n\nVáng đậu bạn ngâm trong nước lạnh cho nở mềm.\nVới dứa gọt bỏ vỏ và gọt mắt dứa, sau đó thái thành miếng nhỏ.\nCà rốt gọt vỏ, bắp cải thái miếng rồi mang cả 2 đi rửa sạch. Cà rốt cắt khoanh tròn 5 cm\ncà rốt làm bún măng chay\nSúp lơ, bắp cải đem rửa sạch và  sẽ xắt thành miếng vừa ăn.\nsúp lơ trắng làm bún măng chay\nCác loại rau ăn kèm và xà lách bạn nhặt và rửa sạch. Vớt ra để ráo.\nBoa-rô rửa sạch, cắt rễ va thái nhỏ.\nĐậu phụ xắt thành miếng vừa ăn rồi đem chiên vàng đều các mặt. Sau đó đem xắt sợi cỡ bằng ngón tay út\nMộc nhĩ ngâm nở rồi cắt bỏ phần chân cứng, xắt sợi nhỏ.\nMăng vàng bạn tước nhỏ rồi đem rửa sạch. Cho vào nồi và luộc chừng 2-3 lần cho măng bớt đắng và độc. Trong quá trình luộc (tính từ lúc măng sôi) bạn cần mở vung nồi và duy trì lửa thêm vài phút rồi mới cho măng ra ngoài và rửa sạch.\nMăng khá dễ chế biến và góp mặt thường xuyên vào các bữa ăn gia đình, thế nhưng nếu không biết cách xử lý tính đắng và độc của măng sẽ khiến món ăn mất ngon và có thể gây ảnh hưởng đến sức khỏe. ATGD cũng đã có bài viết chia sẻ với các bạn một số mẹo nhỏ để loại bỏ sự “khó tính” này của măng, bạn có thể tham khảo bài viết đó tại đây nhé.\nBắc nồi nước lên bếp, cho cà rốt, dứa, súp lơ, bắp cải cho vào nồi nước, đun sôi chừng 5 phút thì bạn cho tàu hũ ky, đun thêm chừng 20 phút thì thêm 1/2 cafe đường, 2 thìa canh xì dầu, 2/3 muối. Đun sôi lại rồi hạ nhỏ lửa liu riu.\nBắc 1 chảo khác lên bếp, làm nóng 2 cafe dầu điều rồi cho đậu phụ, mộc nhĩ, măng vào xào và đảo đều.\nxào đậu phụ, nấm hương làm bún măng chay\nĐảo chừng 5-10 phút, lúc này các nguyên liệu đã săn lại, bạn nêm thêm chút xì dầu và đường. Đảo đều chừng 2 phút rồi cho tất cả hỗn hợp nguyên liệu này vào nồi canh (bước 3). Nêm nếm gia vị cho vừa ăn\ncho nguyên liệu vào nồi làm bún măng chay\nCòn 1 gia vị nữa mà bạn không thể bỏ qua đó chính là chao, bạn cho chao ra bát và tán nhuyễn.\nKhi tất cả các thao tác chuẩn bị cho món bún măng chay đã xong, bạn cho bún ra tô, chan nước dùng, thêm các loại rau củ và thêm chút chao vào, trộn đều và thưởng thức. Vậy là món bún măng chay của chúng ta đã vừa hoàn thành.\nbún măng chay\nVị ngon giòn của măng, beo beo của đậu hũ, xen kẽ vị thơm của nấm ăn rất tuyệt bạn ạ. Ngày cuối tuần rảnh rỗi bạn hãy vào bếp trổ tài món ngon này chiêu đãi cả nhà nhé. Bên cạnh đó bạn còn có thể làm món ngon này cho bữa sáng, với các nguyên liệu bạn hãy chuẩn bị từ tối hôm trước và hôm sau chỉ cân thực hiện vài thao tác đơn giản là bạn đã có món cho cả gia đình thân yêu rồi.','phatnd0302@gmail.com'),(67,1,1,1,3,'Bì cuốn chay','http://192.168.1.20:8070/image/bicuonchay-300x199.jpg',1,'Bì cuốn chay cho ngày bữa ăn cuối tuần nhẹ nhàng, thanh mát. Cách làm bì cuốn chay cũng rất đơn giản, nguyên liệu đều là rau, đồ chay. Là món ăn bổ dưỡng lại lạ miệng, thay thế cho rau.','Chuẩn bị nguyên liệu\nĐậu hũ: 5 miếng\nCủ sắn; 500g\nKhoai tây hoặc khoai môn: 500g\nBún: 500g\nXà lách, rau thơm\nThính: 1/2 bát\nBánh nem: 2 gói\nTỏi, đường, ớt, nước tương, chanh, mắm.\n\nCách làm bì cuốn chay:\nĐậu hũ chiên vàng. Sau đó xắt sợi nhỏ như cọng giá.\nSắn gọt vỏ, rửa sạch, sắt sợi như đậu hũ chiên rồi xào lên cho chín vàng.\nKhoai tây gọt vỏ, rửa sạch, xắt sợi nhỏ, để ráo nước, đem chiên vàng.\nBún ngâm qua nước lạnh, để sợi bún tơi, mát. Bún ráo nước thì đem chiên phồng.\nCho tỏi băm vào dầu nóng phi thơm lấy hỗn hợp dầu tỏi phi.\nTrộn các loại sợi đậu hũ, củ sắn, khoai tây, thính và dầu tỏi phi, nêm muối đường cho vừa ăn.\nBạn cho hỗn hợp rau vào bánh nem cuốn, cuốn miếng vừa ăn\nMẹo nếu bánh nem bị cứng, bạn không nên nhúng nước, bạn có thể cắt 1 lát cà chua chín rồi chà lên bánh nem, bánh nem sẽ mềm thơm.\nCho đường, chanh, ớt, tương, mắm ngon vào bát đánh tan làm nước chấm','phatnd0302@gmail.com'),(68,1,1,1,3,'Ruốc chay','http://192.168.1.20:8070/image/ruoc-nam-300x153.jpg',1,'Hôm nay mình sẽ chia sẻ một món chay không chỉ dành riêng cho người ăn chay, mà còn rất tốt cho những người bị bệnh tim mạch, tiểu đường hoặc những người đang trong chế độ ăn kiêng, giảm cân nhé. Đó chính là món ruốc chay. Nếu gia đình bạn có người mắc những chức bệnh kể trên thì hãy mau bổ sung món ăn này vào chế độ ăn uống hàng ngày cho họ nhé.','Nguyên liệu cho món ruốc chay\nChân nấm hương khô: 200 gr (bạn tìm mua ở những cửa hàng đồ khô nhé, bạn nên chọn những chân nấm mập, màu trắng thì sẽ ngon hơn đó)\nMuối: 1 thìa canh\nMỳ chính: 2 thìa cafe\nDầu ăn: 2 thìa cafe\n\nCách làm món ruốc chay:\nChân nấm hương mua về đem rửa sạch, sau đó bạn ngâm chúng vào nước ấm khoảng 2-3 tiếng cho nở ra.\nSau khi ngâm nở, cắt bỏ phần đầu già, đoạn tiếp xúc với gỗ.\nSau đó cho chân nấm vào luộc, khi nước sôi để thêm 2-3 phút rồi tắt bếp, vớt nấm ra, vắt cho khô nước.\nXé chân nấm thành sợi nhỏ rồi cho vào chảo sao vàng, trong quá trình sao, bạn nhớ cho thêm muối, mỳ chính và dầu ăn nhé. Sao ruốc với lửa nhỏ đến khi ruốc vàng là được. Dầu ăn giúp cho nấm không bị khô, cháy và ăn ngon miệng hơn nhé ^^.\nruốc chay\nRuốc chay làm từ nấm hương khi sao lên ăn sẽ rất thơm và không bị ngấy. Tuy nhiên mỗi lần làm bạn cũng không nêm tham mà làm quá nhiều, vì món ăn này cũng không bảo quản được lâu. Và cuối cùng là khi sao nấm cũng không nên sao quá kĩ ăn sẽ bị khô và dai, chỉ nên làm vừa tới sao cho nấm vàng, khô mà vẫn giữ được độ ngọt, hơi giòn sật sật','phatnd0302@gmail.com'),(69,1,1,1,3,'Đậu hũ viên chiên','http://192.168.1.20:8070/image/dau-phu-vien-chien-300x199.jpg',2,'Đậu phụ tuy là thực phẩm đơn giản nhưng lại chế biến được rất nhiều món ăn ngon và hấp dẫn mà các bạn chưa khám phá ra hết. Hôm nay, với một chút biến tấu nhỏ mình sẽ hướng dẫn các bạn làm món đậu phụ viên chiên vô cùng ngon và đẹp mắt ^^.','Nguyên liệu gồm có\nĐậu phụ: 2 bìa\nCà rốt: 1/2 củ\nÓc đậu: 50 gam\nBột ngô: 30 gam\nTrứng gà: 1 quả\nBột mỳ: 100 gam\nGia vị: dầu mè, đường, hạt tiêu, bột nêm, muối, dầu ăn\n\nCác bước chế biến:\n\nĐậu phủ đem cắt nhỏ, cho đậu vào một chiếc khăn mỏng bóp cho đậu nhuyễn và vắt bớt nước để đậu khi trộn không bị nước, có độ kết dính tốt hơn.\nCà rốt got vỏ, bào sợi vụn rồi ướp với một chút muối\ncà rốt bào sợi\nRau mùi rửa sạch, thái nhỏ\nCho đậu vào bát tô, đeo bao tay nilon bóp đậu một lần nữa cho nhuyễn rồi cho cà rốt, rau mùi, bột mỳ, bột ngô, trứng gà vào trộn thật đều.\ntrộn đậu phụ viên chiên\nSau đó, nêm 1/2 thìa cafe đường, 1/2 thìa cafe hạt tiêu trắng, 1/2 thìa cafe bột nêm, 1 thìa cafe muối, 1 thìa cafe dầu mè, dùng tay bóp đều lên một lần nữa\ntrộn đậu phụ viên\nBắc chảo lên bếp, cho dầu vào đun, lượng dầu cho nhiều để có thể chiên ngập mặt đậu, khi dầu nóng già vo tròn từng viên đậu cho vào chiên chín vàng. Chiên lửa nhỏ đến khi đậu chuyển sang màu vàng đậm vớt ra để ráo dầu là được\nrán đậu phụ viên chiên\nBày đậu viên chiên ra đĩa, trang trí lên một ít rau mùi hoặc cà rốt tỉa hoa cho đẹp mắt là bạn có thể thưởng thức được rồi :)','phatnd0302@gmail.com'),(70,1,1,1,3,'Hủ tiếu chay','http://192.168.1.20:8070/image/hu-tieu-chay-1-229x300.jpg',1,'Hủ tiếu Nam vang thì hẳn đã quá quen thuộc với mọi người, ai đã được thưởng thức hương vị món ăn đặc sắc có nguồn gốc từ Campuchia này thì sẽ không thể quên được hương vị đặc biệt của nó. Nhưng món hủ tiếu chay, thì đã có ai từng nếm qua chưa? Dù không hề có các nguyên liệu từ thịt nhưng vẫn giữ được đúng mùi vị nguyên gốc của món nhé. Các bạn hãy tham khảo công thức dưới đây của mình nhé.','Nguyên liệu nấu món hủ tiếu chay\nPhần nước dùng: 2 quả táo, 1 quả lê, 1 bắp ngô, 1/4 cây bắp cải, 2 củ cà rốt, vài viên nhỏ đường phèn, nấm hương\n300g mỳ căn\n2 bìa đậu phụ\n2 cây sả\n1 gói ngũ vị hương\nPhần chao ăn kèm: 1 thìa canh chao đỏ, 1 thìa canh chao trắng, đường\nHủ tiếu\nGiá đỗ, xà lách xoăn, muối, xì dầu, đường.\n\nCách nấu món hủ tiếu chay\n\nChế biến nước dùng: rửa sạch tất cả các loại rau củ, táo bổ làm đôi, ngô tách bỏ lá và râu ngô cho thật sạch, cà rốt cạo vỏ sạch, cho tất cả vào nồi, thêm vài viên đường phèn và muối, đặt lên bếp đun sôi hầm lấy nước dùng.nguyên liệu\nRửa sạch mỳ căn, đậu phụ cắt thành từng miếng vừa ăn.sơ chế đậu phụ\nĐổ dầu vào một nòi nhỏ, đun sôi dầu, chiên ngập dầu mỳ căn, đậu phụ cho vàng 2 mặt rồi vớt ra đĩa có giấy thấm dầu. rán đậu phụ\nCho mỳ căn, đậu phụ, thêm sả đập dập, một thìa nhỏ ngũ vị hương vào nồi, thêm một thìa nhỏ muối, một thìa canh xì dầu, một thìa canh đường, trộn đều ướp khoảng 30 phút trước khi chế biến.\nĐặt nồi đậu phụ lên bếp, đun lửa nhỏ thỉnh thoảng dùng đũa đảo đều và đổ vào một ít nước lọc, kho khoảng 30 phút, nêm nếm lại gia vị tùy theo sở thích của bạn, nêm hơi mặn vì bạn dùng ăn kèm với nước dùng và hủ tiếu.ướp nguyên liệu\nGiá đỗ nhặt sạch, xà lách rửa sạch để ráo nước.nhặt, rửa rau\nNấm hương rửa sạch, ngâm nở, cắt bỏ rễ.\nPhần nồi nước dùng ở bước 1 sau khi hầm để các loại rau củ ra hết chất, vớt rau củ bỏ đi, bạn thêm nấm hương vào nồi, tiếp tục đun sôi, nêm nếm gia vị cho vừa ăn, ở nồi nước dùng bạn chỉ nêm muối không nêm xì dầu vì xì dầu sẽ làm cho phần nước dùng bị chua.thả nấm hương vào nước dùng\nPhần chao ăn kèm: hòa chao đỏ, chao trắng vào bát, thêm đường tùy theo sở thích của bạn.pha chao\nĐun nồi nước sôi, cho hủ tiếu vào chần sơ, đổ hổ tiếu vào bát lớn.chần qua hủ tiếu\nKhi dùng múc một ít đậu phụ và mỳ căn kho vào bát, thêm nấm hương và chan nước dùng, bên trên thêm một ít chao, dùng kèm với giá và xà lách.bát hủ tiếu chay hoàn chỉnh\nCác bạn đọc công thức thấy hơi nhiều công đoạn một chút thì đừng vội nản nhé. Trông có vẻ nhiều nhưng khi thực hiện sẽ không mất quá nhiều thời gian đâu, mà thành quả đạt được sẽ không làm bạn thất vọng. Sắp tới ngày mồng 1 rồi, các bạn hãy mau ghi nhớ công thức này, trổ tài nấu cho gia đình một bữa hủ tiếu chay thật ngon lành nhé.','phatnd0302@gmail.com'),(71,1,1,1,3,'Mỳ Ý chay','http://192.168.1.20:8070/image/my-y-chay-300x163.jpg',0,'Mỳ Ý khá quen thuộc và được rất nhiều người yêu thích ở Việt Nam hiện nay, mình cũng đã giới thiệu với các bạn một số loại mỳ Ý như mỳ ý sốt kem hải sản, sốt thịt bò bằm… Hôm nay, mình sẽ bổ sung thêm cho các bạn cách làm mỳ Ý chay dành cho những tín đồ ăn chay nhé. Khá đơn giản và dễ làm ','Nguyên liệu gồm có\nMỳ ống: 1 gói\nNấm đùi gà: 2 cây\nSpaghetti sauce loại ăn chay: 1 hũ\nĐậu hũ: 1 thanh\nGia vị: bột canh, mỳ chính, dầu ăn\nNhững nguyên liệu để làm món mỳ ý chay các bạn đều có thể tìm mua được ở hầu hết các siêu thị nhé\ncách làm mỳ Ý chay\n\nCác bước thực hiện:\n\nNgâm nấm với nước muối. Rửa sạch và cắt hạt lựu. Mục đích của việc ngâm nấm với nước muối là để ra hết các chất độc.\nĐậu bạn đem rán vàng và cắt hạt lựu\nĐun nóng dầu ăn và cho nấm vào xào sơ qua. Cho tiếp spaghetti sauce vào xào cùng. Nêm gia vị vừa ăn. Cho đậu hũ đã chiên vào đảo đều rồi tắt bếp.\nChuẩn bị một nồi nước, cho thêm chút muối và đun sôi. Cho mỳ vào luộc chín mềm rồi đổ ra rổ, để ráo nước\nCho mỳ ra đĩa và chan nước sốt sauce đã chế biến ở trên lên mỳ. Các bạn có thể cho thêm  vài cọng rau húng quế để trang trí cho đẹp mắt nhé.','phatnd0302@gmail.com'),(72,1,1,1,3,'Đậu hũ bao bố chay','http://192.168.1.20:8070/image/dau-hu-bao-bo-chay-300x187.jpg',0,'Từ nguyên liệu đậu hũ quen thuộc cùng với sự sáng tạo và khéo léo chúng ta có thể biến tấu đậu hũ thành rất nhiều món ngon khác nhau mà không kém phần bổ dưỡng. Một trong số đó là món đậu hũ bao bố chay – một món ăn với cái tên khá hay và gợi hình. Không những vậy món ăn này còn là sự kết hợp của rất nhiều nguyên liệu khác nhau tạo ra một hương vị rất riêng. Điểm mình thích nhất của món ăn này là những miếng đậu hũ lại được biến tấu thành những “bao bố” nhỏ xinh, chính điều đó đã tạo nên sức hút không chỉ với bé yêu của bạn mà ngay cả thành viên lớn tuổi trong gia đình cũng cảm thấy vô cùng thích thú.','Từ nguyên liệu đậu hũ quen thuộc cùng với sự sáng tạo và khéo léo chúng ta có thể biến tấu đậu hũ thành rất nhiều món ngon khác nhau mà không kém phần bổ dưỡng. Một trong số đó là món đậu hũ bao bố chay – một món ăn với cái tên khá hay và gợi hình. Không những vậy món ăn này còn là sự kết hợp của rất nhiều nguyên liệu khác nhau tạo ra một hương vị rất riêng. Điểm mình thích nhất của món ăn này là những miếng đậu hũ lại được biến tấu thành những “bao bố” nhỏ xinh, chính điều đó đã tạo nên sức hút không chỉ với bé yêu của bạn mà ngay cả thành viên lớn tuổi trong gia đình cũng cảm thấy vô cùng thích thú.','phatnd0302@gmail.com'),(73,1,1,1,3,'Đậu hũ kho nấm rơm','http://192.168.1.20:8070/image/dau-hu-kho-nam-rom-300x225.jpg',NULL,'Nếu bạn là một người thích ăn chay? Bạn băn khoăn không biết nên thay đổi khẩu vị bằng những món ăn nào? Thì hãy để Ẩm thực gia đình giúp bạn nhé ^^. Hôm nay, mình sẽ chia sẻ với các bạn một món chay rất ngon, đó là món đậu hũ kho nấm rơm siêu đơn giản trong cách chọn nguyên liệu mà lại tiết kiệm được nhiều thời gian nữa chứ.','Nguyên liệu của món đậu hũ kho nấm rơm:\n4 miếng đậu hũ\n300 gr nấm rơm\nHành khô thái mỏng : 1 củ\nGia vị: dầu hào chay, xì dầu, đường, hạt tiêu, nước mắm, dầu ăn.\n\nCách làm món đậu hũ kho nấm rơm:\n\nNấm rơm rửa sạch, ngâm nước muối rồi vớt ra, để ráo, cắt đôi.\nĐậu hũ cho vàng chiên vàng đều các mặt với dầu ăn. Vớt ra, để ráo dầu, cắt miếng vừa ăn.\nCho hành vào phi thơm với dầu ăn sau đó trút nấm rơm vào xào sơ rồi thả đậu vào. Tiếp tục cho 1 muỗng canh dầu hào, 1 thìa canh xì dầu, 2 thìa cafe đường 1 thìa cafe nước mắm, 2 thìa cafe tiêu cho tăng vị thơm của  món ăn ( có thể cho thêm 1/2 muỗng canh nước lọc).\nĐậy nắp lại, đun nhỏ lửa khoảng 20 phút thì nấm chín.','phatnd0302@gmail.com'),(74,1,1,1,3,'Nấm rơm kho tiêu','http://192.168.1.20:8070/image/nam-rom-kho-tieu2-300x209.jpg',NULL,'Ngày Tết, bên cạnh những món ăn mặn nhiều dầu mỡ thì những món ăn thanh đạm nhưng lại mang lại hương vị vô cùng hấp dẫn luôn đứng đầu trong sự chọn lựa của các bà nội trợ. Các bạn có biết đó là món gì không ạ? ^^. Không để mọi người phải đợi lâu nữa, ngay sau đây, Ẩm thực gia đình sẽ bật mí với bạn cách làm món nấm rơm kho tiêu siêu ngon, siêu đậm đà nha.','Nguyên liệu của món nấm rơm kho tiêu:\nNấm rơm: 100 gr\n2 nhánh búp tiêu xanh\nGia vị: dầu mè, nước tương, đường, muối, tiêu xay\nDầu ăn\nCách làm nấm rơm kho tiêu:\n\nNấm rơm, cắt chân, ngâm với nước lạnh rồi rửa sạch sau đó vớt ra, để ráo nước.  Nếu nấm to có thể dùng dao cắt đôi.\nCho nấm vào niêu đất ( nếu có) hoặc cho vào nồi nhỏ, ướp cùng với tiêu, đường, muối, nước mắm, nước tương cho vừa ăn. Đợi khoảng 20 phút cho ngấm.\nĐặt lên bếp, đun nhỏ lửa, nhớ dùng đũa đảo đều cho nấm ngấm gia vị. Lúc này, cho tiêu xanh vào nấu cùng.  Đun chừng 15 phút thì nấm chín. Sau đó tắt bếp, cho dầu mè vào trộn đều sẽ rất ngon và thơm.','phatnd0302@gmail.com'),(75,1,1,1,3,'Nấm bào ngư kho','http://192.168.1.20:8070/image/nam-bao-ngu-kho.jpg',NULL,'Với nấm bào ngư, chúng ta có thể làm rất nhiều món ăn ngon như canh nấm bào ngư… đơn giản và tiết kiệm thời gian cho các bà nội trợ. Một trong số những món ăn ngon mà Ẩm thực gia đình muốn giới thiệu với các bạn đó là nấm bào ngư kho vô cùng dễ làm nhé.','Nguyên liệu của món nấm bào ngư kho:\nNấm bào ngư: 300 gr ( 2 cây)\nGừng: 1/2 củ giã nát\nNước tương, dầu hào: mỗi thứ 2 muỗng canh\nSúp lơ xanh: 50 gr\nGia vị: đường, dầu mè, muối, bột nêm\n1 thìa cafe bột bắp hòa với 2 muỗng canh nước\nCác bước chế biến món nấm bào ngư kho\n\nSúp lơ cho vào nước sôi, trần sơ qua.\nCho nước tương, dầu hào, gừng, dầu mè, vào một cái nồi rồi đảo đều, nêm gia vị vừa ăn. Đun sôi thì cho nấm bào ngư vào. Đun trong 20 – 30 phút. Chú ý lật đều các mặt cho nước xốt thấm vào nấm.\nKhi nào nấm chín, đổ bột bắp vào, khuấy đều tay cho tới khi nước xốt sánh lại.  Gắp ra đĩa, trang trí với súp lơ xanh cho bắt mắt.','phatnd0302@gmail.com'),(76,1,1,1,3,'Nấm bào ngư xào','http://192.168.1.20:8070/image/nam-bao-ngu-2-1372208616_500x0-300x214.jpg',NULL,'Ngày Tết, bên cạnh các món ăn nhiều đạm, nhiều chất béo nhanh ngấy thì trong mâm cơm luôn xuất hiện những món ăn đơn giản, thanh đạm, và có lỡ ăn nhiều cũng không lo bị lên cân ^^. Một trong những món ăn hoài không chán đó chính là nấm bào ngư xào chay. Hôm nay, mình sẽ vào bếp cùng các bạn để thực hiện món ăn này nhé.','Nguyên liệu của món nấm bào ngư xào chay:\nNấm bào ngư: 300gr\nMè trắng rang: 2 thìa\nTỏi băm: 1 thìa cafe\nNước tương: 1 thìa\nGia vị: nước mắm, đường, bột nêm, dầu mè.\nCác bước làm món nấm bào ngư xào chay:\n\nNấm bào ngư ngâm nước muối pha loãng sau đó vớt ra rồi để ráo.\nCho tỏi vào phi thơm với 2 thìa dầu ăn. Sau đó cho nấm vào xào nhanh trên lửa lớn. Để lửa to và đều để nấm không bị ra nước.\nNêm gia vị vừa ăn. Khi nấm chín, rắc vài thìa mè rang lên rồi đảo đều. Có thể cho một vài lát ớt lên để trang trí.','phatnd0302@gmail.com'),(77,1,1,1,3,'Nấm bào ngư xào tỏi','http://192.168.1.20:8070/image/nambaongulon2-300x219.jpg',0,'Lần trước mình đã hướng dẫn các bạn cách làm món nấm bào ngư xào sả ớt ngon tuyệt cú mèo  rồi. Và lần này, cũng vẫn với nguyên liệu chính là nấm bào ngư, Ẩm thực gia đình sẽ vào bếp cùng bạn thực hiện thành công món nấm bào ngư xào tỏi nhé','Nguyên liệu của món nấm bào ngư xào tỏi:\nNấm bào ngư: 300gr\nTỏi khô: 1 củ\nRượu vang hoặc rượu trắng: 2 thìa\nGia vị: dầu oliu, nước mắm, đường, muối, bột ngọt\nRau mùi, hành lá\nCác bước nấu món nấm bào ngư xào tỏi:\n\nNấm bào ngư ngâm nước muối loãng, rửa sạch, cắt chân rồi để ráo.\nHành lá, rau mùi tây rửa sạch rồi để ráo nước sau đó thái nhỏ.\nTỏi bóc vỏ, băm nhuyễn sau đó đem phi thơm với 2 thìa dầu oliu. Tiếp đó đổ nấm vào xào, đảo đều tay, nêm gia vị vừa ăn.\nNấm chín, cho rượu vào, đảo đều đợi khoảng 5 phút rồi tắt bếp. Cho rau thơm rắc lên trên rồi ăn ngay khi còn nóng.','phatnd0302@gmail.com'),(78,1,1,1,3,'Gỏi nấm bào ngư','http://192.168.1.20:8070/image/goi-nam-bao-ngu-chay-300x190.jpg',1,'Nấm bào ngư có lẽ không còn xa lạ, đặc biệt với những người thích ăn chay. Lần trước, mình đã hướng dẫn các bạn làm món nấm bào ngư  xào sả ớt siêu ngon rồi. Vị thơm bùi của lạc, hòa quyện với vị chua nhẹ của chanh và vị ngọt từ nấm sẽ tạo ra một món ăn vô cũng hấp dẫn. Và hôm nay, Ẩm thực gia đình sẽ vào bếp làm món gỏi nấm bào ngư chay ngon tuyệt cú mèo nha các bạn','Nguyên liệu của món gỏi nấm bào ngư chay:\nNấm bào ngư:300 gr\n3 củ hành tím\nỚt sừng: 1 quả\nHành lá: 3 nhánh\nTỏi băm: 2 thìa cafe\nGia vị: 3 thìa cafe đường, 1 thìa cafe muối, 2 thìa cafe bột nêm, tương ớt: 1 thìa cafe\n1 quả chanh\nDầu ăn\nLạc rang: 50 gr\n\nCác bước thực hiện món gỏi nấm bào ngư chay:\n\nNấm bào ngư cắt chân, ngâm nước muối loãng rồi vớt ra, để ráo.\nHành tím và tỏi bóc vỏ bằm  nhuyễn. Ớt sừng bỏ hạt, băm nhuyễn. Chanh bỏ hạt, vắt lấy nước. Hành lá thái nhỏ.\nCho hành và tỏi vào phi thơm rồi trút nấm vào xào. Nêm nước mắm, muối vừa ăn.\nLàm nước xốt: cho đường, muối, bột nêm theo tỉ lệ trên rồi cho nước cốt chanh vào đảo đều.\nCho nấm ra đĩa, rưới nước xốt lên, trộn đều rồi rắc lạc rang và ớt lên trên để tăng hương vị.','phatnd0302@gmail.com'),(79,1,1,1,3,'Cải chip xào nấm hương','http://192.168.1.20:8070/image/rau-cai-chip-xao-nam-300x190.jpg',1,'Vị ngọt của cải chíp, mùi thơm của nấm hòa cùng với dầu hào rất là hấp dẫn mà cách làm lại cực kỳ đơn giản nữa','Nguyên liệu gồm có\nCải chíp: 1 mớ\nNấm hương: 10 tai\nTỏi: 1/2 củ\nHành tím: 1 củ\nGia vị: Nước mắm, bột nêm, dầu hào, dầu ăn\nCác bước chế biến\n\nRau chíp bạn cắt bỏ gốc, cắt sao để các lá vẫn liền không rời, nhặt bỏ bớt là giá rồi rửa sạch.\nNấm hương ngâm với nước ấm cho nở, rửa sạch, cắt bỏ chân\nHành tím, tỏi bóc vỏ, băm nhỏ\nĐặt một nồi nước lên bếp đun sôi với một chút muối, cho cải chíp vào luộc qua khoảng 1 – 2 phút để cho cải chín tới, vớt ra để ráo nước. Lý do mình luộc qua bởi vì rau cải để cả cây xào sẽ lâu chín, rau nhìn sẽ thâm, luộc qua để khi xào sẽ nhanh, rau giữ được màu xanh tươi\nBắc chảo lên bếp, phi thơm hành, tỏi với dầu ăn rồi cho nấm hương vào xào. Tiếp tục, cho cải chíp vào xào nhanh, nêm gia vị nước mắm, bột nêm cho vừa miệng rồi cho thêm 1 thìa cafe dầu hào để cải chíp thêm ngon hơn\nBày rau cải ra xung quanh đĩa, cho nấm hương vào giữa nhìn cho đẹp mắt','phatnd0302@gmail.com'),(80,1,1,1,3,'Bánh đúc lạc','http://192.168.1.20:8070/image/Cach-lam-banh-duc-lac-300x200.jpg',NULL,'Bánh đúc lạc là món bánh dân dã, quen thuộc của người dân miền Bắc. Hình ảnh từng tốp người quây quần bên đôi quanh gánh tròn nhỏ với mâm bánh đúc lạc trắng giòn đã trở thành một nét văn hóa ẩm thực rất riêng của mảnh đất Hà Thành. Giờ đây, cuộc sống hiện đại cũng khiến cho nhiều loại bánh đúc mới xuất hiện như bánh đúc mặn ngon đậm đà với phần nhân thịt ngọt thơm nhưng bánh đúc lạc vẫn giữ được trong tâm trí thực khách một cái hồn trọn vẹn. Cùng trở về tuổi thơ, gợi nhớ tới những kí ức đẹp với cách làm bánh đúc lạc giòn ngon, bùi ngậy nhé!','Nguyên liệu cho món bánh đúc lạc rất đơn giản, bạn chỉ cần\n500 gam bột gạo tẻ ngon\n20 ml nước vôi trong\n200g lạc (đậu phộng) nguyên hạt\n1,5 lít nước lọc\n10 gam muối, 20ml dầu ăn\nCách làm bánh đúc lạc bạn nhé\n\nCũng giống với món bánh đúc ngọt, không sử dụng thịt hay tôm để làm nhân bánh, bánh đúc lạc ngon đặc biệt chính là nhờ phần nhân lạc bùi thơm.\nNgâm lạc vào nước ấm khoảng 2-3 giờ cho lạc nở mềm, lớp vỏ đỏ bên ngoài lạc tróc hết ra thì bạn mang lạc đi đãi sạch vỏ.\nsơ chế lạc làm bánh đúc lạc\nĐun một nồi nước sôi, cho lạc vào luộc chín rồi vớt ra để lạc ráo hết nước.\nTrộn đều 500 gam bột gạo với 10 gam muối.\nHòa đều 1,5 lít nước lọc với 20 ml nước vôi trong. Bạn trút từ từ hỗn hợp nước vôi vào tô bột, khuấy đều tay để bột không bị vón cục.\nSau đó bạn cho hỗn hợp bột vào nồi, đun trên lửa nhỏ khoảng 5 phút. Vừa đun vừa khuấy đều tay để bột đặc sánh lại.\nKhi bột đã có độ sánh nhất định, hãy nêm vào bột 20 ml dầu ăn, khuấy đều tay. Dầu ăn sẽ giúp cho bột vừa sánh mịn mà bánh lại thơm ngon hơn đấy.\nbột làm bánh đúc lạc\nĐậy nắp vung lại, để lửa thật nhỏ, bạn đun bột thêm 15 phút nữa.\nSau 15 phút, bạn mở lửa lớn hơn một chút, dùng đũa khuấy bột thật đều tay rồi cho toàn bộ phần lạc nhân vào bột.\nTiếp tục khuấy đều bột thêm 15 phút nữa thì tắt bếp.\nBạn đổ bột ra mâm hoặc chén, để nguội.\nBánh đúc lạc\nGiờ bạn chỉ còn cần đợi bánh nguội là có thể thưởng thức ngay món bánh đúc lạc thơm ngon này rồi.\nTùy vào khẩu vị và sở thích của mỗi người mà bánh đúc lạc được chấm kèm với một loại nước chấm khác nhau như tương bần, mắm nêm, mắm tôm,…','phatnd0302@gmail.com'),(81,1,1,1,3,'Đậu phộng tẩm gia vị','http://192.168.1.20:8070/image/dau-ohong-tam-gia-vi-300x236.jpg',NULL,'rời mưa gió có món ăn vặt nhâm nhi thì còn gì tuyệt bằng. ATGĐ xin chia sẻ với các bạn đậu phộng tẩm gia vị giòn giòn ngon ngon, thơm nức mũi.','Nguyên liệu để làm đậu phộng tẩm gia vị gồm:\nĐậu phộng (lạc): 150 gam\nBột mì: 200 gam\nBột dừa: 100 gam\nĐường, bột nêm, muối\nCác bước thực hiện món đậu phộng tẩm gia vị:\n\nĐậu phộng bạn đem ngâm với nước ấm cùng với muối khoảng 20 phút. Sáu đó, bạn đem xả với nước sạch rồi để ráo.\nTrộn lạc với 2 thìa canh đường và 1 thìa cafe bột nêm để khoảng 1 tiếng cho ngấm gia vị.ướp đậu phộng\nCho đậu phộng vào trong một tô rộng, cho 1/4 số bột mì và 1/4 số bột dừa vào trộn đều để 5 phút.  Sau đó lại cho tiếp 1/4 số bột vào trộn tiếp. Bạn cứ làm như vậy 2 lần nữa cho hết bột để có một lớp một khá dày bao phủ hạt đậu, bỏ bột thừa đi.\ntẩm bột đậu phộng\nBắc chảo lên bếp, cho dầu vào đun nóng (lượng dầu đủ ngập hạt lạc và nhớ là bạn không nên đun đúng quá) cho từng ít đậu vào chiên với lửa nhỏ vừa. Bạn cầm chảo lắc chắc cho đậu chín vào đều, không nên dùng đũa đảo bột sẽ bị rơi ra ngoài.\nchiên đậu tẩm gia vị\nChiên đến khi đậu có màu vàng như ý thì vớt ra, để ráo dấu. Tiếp tục như vậy cho đến khi hết đậu. Để đậu thật nguội rồi cho vào lọ thủy tinh ăn dần.','phatnd0302@gmail.com'),(82,1,3,1,2,'Canh khổ qua nhồi thịt','http://192.168.1.20:8070/image/Cach-nau-canh-kho-qua-nhoi-thit-thom-ngon.jpg',0,'Canh khổ qua nhồi thịt là món ăn mang đậm bản sắc văn hóa Việt Nam, đặc biệt là những dịp lễ tết với ý nghĩa sâu sắc là cầu mong những đau khổ, khó nhọc sẽ qua đi. Không những thế đây còn là món canh rất thơm ngon, bổ dưỡng có tác dụng thanh nhiệt, giải độc cơ thể hiệu quả đặc biệt là những ngày hè nắng nóng. Chính vì thế, Monan9.com sẽ hướng dẫn cho các bạn cách nấu canh khổ qua nhồi thịt thơm ngon.','Cách nấu canh khổ qua nhồi thịt\n\n Nguyên liệu nấu canh khổ qua nhồi thịt\n\n– Khổ qua: 500g, khoảng 3-4 trái tùy theo kích cỡ, bạn nên chọn loại trái ngắn có gai to để khi nấu canh vị đắng sẽ ít hơn nhé;\n– Thịt nạc thăn: 300g;\n– Nấm rơm: 100g (bạn cũng có thể thay nấm rơm bằng nấm mèo nhé);\n– Xương đã róc thịt: 500g;\n– Hành lá, ngò rí: 100g;\n– Trứng gà: 1 quả;\n– Ớt sừng: 3 trái;\n– Gia vị: Hạt nêm, đường, bột ngọt, tiêu, muối, hành khô, tỏi, ớt bột.\nSơ chế nguyên liệu\n\nHướng dẫn nấu canh khổ qua nhồi thịt, huong dan nau canh kho qua nhoi thit\n\n\n \n– Xương: Rửa với nước muối xả sạch, chặt nhỏ hầm lấy 1,5 lít nước dùng, khi nước sôi bạn nhớ vớt hết bọt nổi lên trên để nước trong nhé;\n\n– Hành khô, tỏi: làm sạch, băm nhuyễn;\n\n– Khổ qua: Rửa sạch, cắt bỏ 2 đầu, dùng dao rạch 1 đường ở giữa khoảng ½ trái để không bị đứt hết trái, móc hết hột bên trong;\n\n– Nấm rơm: Làm sạch, cắt bỏ đuôi, thái nhỏ;\n\n– Trứng gà: Lấy lòng trắng;\n\n– Thịt nạc thăn: Rửa sạch, thái lát nhỏ ướp thịt với 1 thìa hành tỏi băm nhuyễn, 1,5 thìa hạt nêm, ½  thìa bột ngọt, ½ thìa tiêu trong 15 phút để thịt ngấm gia vị.\n\n– Trộn thịt với nấm rơm rồi tiếp tục băm nhuyễn, sau đó trộn đều với lòng trắng trứng gà để nhân thịt thêm phần thơm ngon;\n\n– Hành lá, ngò rí: làm sạch, lấy khoảng vài lá hành để chiều dài khoảng cm, phần còn lại thái mịn;\n\n– Ớt trái: Bỏ hạt, thái lát dài cho vào chén nước mắm nguyên chất để ăn kèm với canh khổ qua nhồi thịt.\n\nThực hiện nấu món canh khổ qua nhồi thịt\n\n– Cắt trái khổ quan làm 2, dùng dao nhọn khoét lại một lần nữa để khổ qua sạch ruột rồi nhồi hỗn hợp thịt, nấm, trứng vào. Nếu phần nhân còn dư ra bạn có thể vo viên lại và thả vào nồi canh khi nước canh sôi nhé. Bạn cũng có thể ước lượng và gia giảm phần nhân thịt bằng phần ruột khổ qua là được;\n\n– Dùng mấy lá hành dài nhúng sơ qua nước sôi và cột lại, bạn cũng có thể thắt nơ cho đẹp nhé;\n\n– Phi thơm 2 thìa dầu ăn với 1 thìa hành tỏi băm nhuyễn và một ít ớt bột để món ăncó màu sắc đẹp mắt;\n\n– Cho nước dùng đã chuẩn bị sẵn vào, nêm thêm ½ thìa muối, 1 thìa hạt nêm, 1 thìa bột ngọt sao cho vừa ăn;\n\n– Khi nước canh sôi, bạn cho khổ qua vào hầm với lửa nhỏ, tiếp tục vớt bọt nổi phía trên để nước canh trong hơn, ngọt hơn;\n\n–  Khi thấy khổ qua nhồi thịt chín đều (bạn có thể thử bằng cách dùng cây tăm đâm xuyên qua trái khổ qua mà thấy dễ dàng là món ăn đã chín rồi đấy), bạn nêm nếm lại gia vị cho vừa ăn nhưng tuyệt đối không được nêm nước mắm nhé vì nước mắm sẽ làm món canh bị chua;\n\n– Múc canh ra tô, rắc hành lá, ngò rí và ½ thìa tiêu lên trên là bạn đã hoàn thành món ăn rồi đấy.\n\nYêu cầu và thưởng thức canh khổ qua nhồi thịt\n\n– Món canh khổ qua nhồi thịt có vị ngọt thanh vừa ăn, chín đều;\n\n– Nhân thịt có vị vừa ăn, thơm ngon hòa quyện với vị ngon đặc trưng của khổ qua rất hấp dẫn;\n\n– Phần nhân thịt nằm nguyên trong trái khổ qua không bị bung ra trong quá trình nấu làm cho món ăn trở nên đẹp mắt hơn;\n\n–  Món canh khổ qua nhồi thị này bạn nên dùng lúc nóng với nước mắm nguyên chất và ớt thái lát nhé.','phatnd0302@gmail.com'),(83,1,2,1,5,'Bò nướng sa tế','http://192.168.1.20:8070/image/cach-uop-thit-bo-nuong-sa-te-300x188.jpg',1,'Với nguyên liệu dễ kiếm cùng thao tác vô cùng đơn giản, chỉ với một vài bước nhỏ trong cách ướp thịt bò nướng sa tế là bạn đã có món thịt bò nướng sa tế vô cùng hấp dẫn và cảm nhận vị ngọt mềm xen lẫn cay thơm như mê trong từng vị giác này rồi. Bạn có muốn tìm hiểu cách làm món ăn này như thế nào không? Rất dễ thôi nhé. Và giờ chúng ta hãy cùng đến với bài viết nhỏ chia sẻ về cách làm ngay thôi nào.','Nguyên liệu chuẩn bị cho món thịt bò nướng sa tế:\n600 gam thịt bò phi lê\n3 củ sả, 1 củ tỏi nhỏ\n1-2 củ hành tím, ớt bột\nCọng rau mùi thái nhỏ (2 cafe)\nGia vị: Dầu ăn, nước mắm, sữa đặc, xì dầu, ớt băm nhuyễn\nCác bước thực hiện và cách ướp thịt bò nướng sa tế:\n\nSả bóc vỏ, 1/2 băm nhỏ, 1/2 đập dập, tước sợi.\nTỏi bóc vỏ, băm nhỏ. Cọng rau mùi rửa sạch, để ráo.\nThịt bò rửa sạch và để nguyên khối, cho vào đĩa sâu lòng. Ứơp thịt bò với 2 cafe xì dầu, 2-3 cafe nước mắm, dung gang tay chuyên dụng trong nấu nướng để thoa để xì dầu và nước mắm lên miếng thịt bò. Thời gian để thịt bò ngấm gia vị chừng 40-45 phút.\nthịt bò làm thịt bò nướng sa tế\nTừ thịt bò bạn có thể chế biến ra rất nhiều món ngon hấp dẫn, bạn có thể tham khảo thêm tại đây để có thêm nhiều sự lựa chọn hay dành cho mình và gia đình.\nBắc chảo lên bếp, cho chút dầu ăn vào chảo rồi làm nóng, cho sả, tỏi, hành tím, ớt băm vào phi thơm, tiếp đến là 1 cafe ớt bột cùng rau mùi và khuấy đều, đảo thêm chừng 1-2 lượt, tắt bếp và để nguội.\nQuay trở lại với miếng thịt bò, bạn bắc một chảo khác lên bếp, áp chảo cho miếng thịt đó săn lại. Phết sữa đặc lên, tiếp đến là sa tế (bước 3) thoa đều lên xung quanh.\nLấy 1 chiếc đĩa khác, xếp sả đã tước sợi ra đĩa, đặt miếng thịt bò lên trên, cho thịt bò vào lò nướng ở nhiệt 180 độ C trong 15 phút hoặc lâu hơn tùy vào từng loại lò nướng nhé.\nBạn nướng cho đến khi thịt bò chín và tắt lò nướng, cho thịt bò ra và thái miếng vừa ăn.','phatnd0302@gmail.com'),(84,1,2,1,4,'Bò nướng lá lốt','http://192.168.1.20:8070/image/cach-uop-thit-bo-nuong-la-lot-300x169.jpg',NULL,'Thịt bò nướng lá lốt là một món ăn được rất nhiều người yêu thích, với hương vị thơm ngon và màu sắc hấp dẫn, giờ đây thay vì bạn và cả nhà phải ra tận ngoài quán để có thể thưởng thức thì bạn có thể ở nhà và trổ tài món nướng này và chiêu đãi cả nhà. Để làm nên hương vị của món ăn, khâu tẩm ướp khá quan trọng, tuy nhiên cũng không quá khó lắm đâu. Ở bài viết này mình sẽ gửi đến các bạn các bước thực hiện và cách ướp thịt bò nướng lá lốt, rất dễ thôi nhé.','Nguyên liệu chuẩn bị cho món thịt bò nướng lá lốt:\n400 gam thịt bò (bạn nên chọn dẻ sườn như vậy sẽ có cả nạc và mỡ món ăn sẽ thơm béo hơn nhé)\nLá lốt\n4 củ hành tím\nHành lá\nGia vị: Tiêu, dầu ăn, hạt nêm, nước mắm\nCác bước thực hiện và cách ướp thịt bò nướng lá lốt:\n\nThịt bò bạn rửa sạch, thái và băm nhỏ. Nếu không mua được thịt dẻ sườn bạn có thể mua 300 gam thịt nạc thăn và 100 gam mỡ lợn và băm/xay nhỏ nhé.\nHành tím bóc vỏ, băm nhỏ.\nLá lốt đem rửa sạch và cắt bỏ phần viền hai bên lá. Với phần viền lá bạn vừa cắt bỏ, bạn có thể tận dụng để có thái nhỏ và cho vào phần thịt bò băm để thịt thơm vị lá lốt hơn.\nlá lốt làm thịt bò nướng lá lốt\nHành lá nhặt và rửa sạch, cắt bỏ phần đầu trắng và cho lá hành vào chần sơ với nước sôi.\nBước tiếp theo là cho thịt băm vào tô, thêm lá lốt thái nhỏ và cho thêm 1 cafe tiêu, hành băm, một chút hạt nêm và nước mắm. Trộn đều và ướp chừng 20 phút để ngấm gia vị.\nCuốn lá lốt\nBạn trải lá lốt ra mặt phẳng, cho thịt bò vào và cuốn dưới dạng viên và cuốn dưới dạng viên chả. Sau khi cuốn xong bạn dùng lá hành và cột chặt lại.\nThực hiện lần lượt cho đến hết.\nxếp viên chả lá lốt lên vỉ nướng làm thịt bò nướng lá lốt\nBước tiếp theo là bạn bật lò nướng ở 250 độ C trước chừng 10 phút. Trong thời gian chờ lò nướng bạn xếp thịt bò đã cuốn vào khay dùng cọ phết một lớp dầu ăn lên trên. Tiếp đến là cho thịt bò vào lò nướng, và nướng chừng 15 phút hoặc đến khi từng miếng chả lá lốt chín (phần này sẽ phụ thuộc vào nhiệt độ của từng lò nữa nhé).\nKhi từng viên chả lá lốt đã được bạn cho ra đĩa và dùng với cơm nóng.','phatnd0302@gmail.com'),(85,1,2,1,4,'Bò cuốn măng tây','http://192.168.1.20:8070/image/thit-bo-cuon-mang-tay-300x202.png',1,'Thêm một món ngon vô cùng hấp dẫn mà cực kỳ dễ làm dành cho bạn đó chính là thịt bò cuốn măng tây. Bạn biết không chỉ với vài thao tác rất dễ sau đây thôi là bạn đã có bữa cơm ngon miệng rồi đấy.','Nguyên liệu chuẩn bị cho món thịt bò cuốn măng tây:\n1 bó măng tây\n300 gam thịt bò\n1/2 củ tỏi\n2 cây hành lá\nGia vị: Dầu hào, nước tương, dầu ăn, muối, nước mắm, tiêu\nCác bước thực hiện món thịt bò cuốn măng tây:\n\nVới măng tây bạn gọt bỏ phần gốc già rồi cho đem rửa sạch. Sau đó bắc 1 nồi nước lên bếp, cho nước vào và đun sôi.Tiếp đến bạn cho măng vào và luộc sơ qua.\nluộc măng tây làm thịt bò cuốn măng tây\nMăng chín vớt măng ra tô nước đá chừng 2 phút. Với cách làm này bạn sẽ có những búp măng tây ngon  giòn, xanh mát mắt đấy nhé.\nngâm măng tây trong nước đa lạnh làm thịt bò cuốn măng tây\nMăng tây khá bổ dưỡng, đơn giản bạn chỉ cần thực hiện món măng tây luộc và chấm với nước sốt mù tại hoặc với bơ đều rất dễ làm và ngon cả. Bạn có thể tìm hiểu kỹ hơn về cách làm các món ngon này tại đây để có thêm lựa chọn.\nTỏi bóc vỏ, băm nhỏ.\nHành lá nhặt và rửa sạch, cắt riêng phần đầu hành và lá hành. Phần lá hành bạn cho vào nước sôi trụng sơ và dùng để cột thịt bò.\nThịt bò bạn rửa sạch, thái miếng mỏng rồi ướp với 1/2 cafe hạt nêm, 1 cafe nước mắm, 1 cafe dầu ăn và 1/3 cafe tiêu, 1 chút muối vào và trộn đều. Uớp thịt bò chừng 20 phút cho ngấm gia vị.\nướp thịt bò làm thịt bò cuốn măng tây\nTrải thịt bò ra đĩa, cho 3-4 cọng măng tây vào và cuộn chặt lại, dùng lá hành lá để buộc bên ngoài. Bạn thực hiện lần lượt cho đến hết các nguyên liệu.\ncuốn làm thịt bò cuốn măng tây\nBắc chảo lên bếp, làm nóng dầu ăn rồi cho thịt bò cuốn măng tây vào và rán đều các mặt. Khi đã vàng đều, cho món ăn ra đĩa và thưởng thức cùng với cơm nóng.','phatnd0302@gmail.com'),(86,1,4,1,4,'Gỏi thịt bò rau diếp','http://192.168.1.20:8070/image/goithitboraudiep.jpg',1,'Gỏi thịt bò rau diếp ngon dễ ăn cho ngày nắng nóng!  Vị chu chua, mặn mặn, cay cay của món ăn chắc chắn sẽ làm gia đình bạn hài lòng','Nguyên liệu gồm có:\nThịt bò thăn: 200 gam\nHành tây: 1/2 quả\nRàu diếp: 1 cây\nỚt chuông đỏ: 1/4 quả\nGia vị trộn gỏi:\nGiấm: 2 thìa canh\nNước mắm: 2 thìa canh\nDầu mè: 1 thìa canh\nMật ong: 1 thìa cafe\nXốt doubanjiang của Nhật hoặc Hàn Quốc: 2 thìa cafe\nCác bước thực hiện món ăn này:\n\nHành tây thái thành từng lát mỏng rồi đem ngâm với nước đá cho giòn\nRau diếp rửa sạch, thái nhỏ theo chiều dọc.\nỚt chuông đỏ thái mỏng như hành tây, cũng đem ngâm trong nước đá.\nHòa hỗn hợp nước trộn gỏi vào một bát con.\nThịt bò thái lát mỏng\nCho 500 ml nước vào nồi đun sôi. Sau đó, hạ nhiệt độ của nước xuống 80 độ C bằng cách cho thêm một ít nước vào, tắt bếp. Tiếp theo, cho thịt bò vào đảo đều tầm 1 phút rồi vớt ra, để ráo nước.\nHành tây, ớt chuông vớt ra để thật ráo nước. Cho các loại rau đã chuẩn bị và thịt bò vào tô. Sau đó, cho nước trộn gỏi vào trộn thật đều lên.','phatnd0302@gmail.com'),(87,1,2,1,2,'Canh thịt bò nấu dứa','http://192.168.1.20:8070/image/canh-thit-bo-nau-dua.jpg',NULL,'Canh thịt bò cà chua chắc hẳn là món ăn quen thuộc với rất nhiều người, nhưng hôm nay mình lại muốn giới thiệu với các bạn món canh thịt bò nấu dứa cực kì ngon nhé.  Hãy cùng vào bếp thực hiện món ăn này để xem nó có gì khác so với món ăn trước nhé.','Nguyên liệu của món canh thịt bò nấu dứa:\nThịt bò: 300 gr\nDứa: 1 quả\nHành, mùi\n2 quả cà chua\nGia vị: muối, hạt nêm, nước mắm, tiêu\nCác bước thực hiện món canh thịt bò nấu dứa:\n\nDứa gọt vỏ, nhớ gọt sâu cho hết phần mắt dứa. Sau đó, bổ làm 4, cắt miếng nhỏ.\nThịt bò băm nhuyễn, sau đó đem ướp với 2 thìa cafe tiêu, 1 thìa bột nêm, 1 thìa nước mắm.\nHành lá, cắt riêng phần đầu trắng, đập giập, phần lá hành thái nhỏ. Cà chua, thái múi cau.\nCho dầu ăn vào chảo đợi nóng rồi cho đầu hành vào phi thơm lên sau đó thả cà chua vào, xào mềm rồi trút thịt bò vào xào sơ. Tiếp đó, đổ dứa vào, lấy đũa đảo đều, đợi khoảng 5 phút thì cho 2 bát con nước lọc vào. Đợi canh sôi, tắt bếp, múc ra bát, rắc hành mùi lên trên.','phatnd0302@gmail.com'),(88,1,5,1,4,'Vịt nướng chao','http://192.168.1.20:8070/image/cach-uop-v---t-nuong-chao-215x300.jpg',1,'Đến với những món ngon từ thịt vịt, ở bài viết này mình sẽ gửi đến các bạn một món thịt vịt nướng rất ngon đó là vịt nướng chao. Món ăn này rất dễ làm siêu lòng thực khách bởi sự khác biệt và thú vị về hương vị. Bạn có muốn tìm hiểu cách làm và cách ướp vịt nướng chao như thế nào không? Cách thực hiện đơn giản thôi, và nếu như bạn đang băn khoăn rằng không biết món ăn có cần cầu kì, tỉ mẩn hay không! Hãy cùng mình vào bếp để tìm hiểu cách làm nhé.','Nguyên liệu chuẩn bị cho món vịt nướng chao:\n2 miếng ức vịt, 2 cái đùi vịt\n5 miếng chao đỏ, 3 miếng chao trắng .\n2 thìa cà phê đường, dầu ăn\n1 thìa gừng băm nhuyễn, 1 thìa tỏi băm nhuyễn, 1 thìa ớt băm nhuyễn.\nNgoài ra, bạn chuẩn bị thêm 2 cafe đường, 2 tép tỏi băm, 1 nhánh gừng băm, 1 quả ớt, 1 quả chanh để vắt lấy nước cốt. Phần nguyên liệu này mình sẽ dùng để pha nước chấm.\nCác bước thực hiện và cách ướp vị nướng chao:\n\nĐầu tiên là bạn rửa sạch thịt vịt. Một khâu hết sức quan trọng quyết định đến hương vị của các món ăn đó chính là việc khử mùi hôi của thịt vịt. Tuy nhiên việc khử mùi hôi của thịt vịt không quá khó đâu nhé, bạn có thể thực hiện bằng cách là dùng gừng giã nhỏ hoặc rượu trắng chà lên mình thịt vịt, để như vậy chừng 10 phút rồi đem rửa sạch lại.\nBước tiếp theo là bạn khía vài đường lên miếng thịt vịt để khi tẩm ướp, vịt sẽ nhanh ngấm gia vị hơn. Cẩn thận hơn bạn cũng có thể dùng tăm nhọn xăm lên cũng được nhé.\nPha nước ướp\nBạn cho chao trắng, đường, 1 chút dầu ăn, gừng, tỏi, ớt vào 1 chiếc bát nhỏ rồi khuấy đều.\nLấy phần nước ướp này đem ướp với thịt vịt, để chừng 30 phút cho thịt vịt ngấm gia vị.\nSau thời gian ướp bạn cho thịt vịt lên vỉ nướng và nướng chín đều các mặt. Khi nướng bạn nhớ để ý chế độ lửa trên bếp than để thịt vịt không bị cháy sém khét nhé.\nThịt vịt chín bạn chặt miếng vừa ăn, bày ra đĩa và trang trí.\nĐể có món vịt nướng chao ngon bạn không thể bỏ qua phần nước chấm\nBạn cho chao đỏ, 2 cafe đường, 2 tép tỏi, 2 nước cốt chanh, gừng, ớt băm rồi khuấy đều.','phatnd0302@gmail.com'),(89,1,5,1,4,'Vịt nướng Vân Đình','http://192.168.1.20:8070/image/cach-uop-vit-nuong-Van-Dinh-300x184.jpg',1,'Vịt nướng Vân Đình là món ăn được rất nhiều người yêu thích với vị thơm ngọt rất đặc trưng. Nếu ai đã từng ghé qua vùng đất Vân Đình (Ứng Hòa – Hà Nội) và thưởng thức món ngon tuyệt vời này, bạn sẽ nhớ mãi không quên. Nếu như bạn là fan yêu thích món vịt nướng, vậy thì đây sẽ là bài viết mà bạn không thể bỏ qua bởi ngay dưới đây thôi mình sẽ gửi đến các bạn cách làm và cách ướp vịt nướng Vân Đình ngon đúng chuẩn.','Nguyên liệu chuẩn bị cho món vịt nướng Vân Đình:\n1 con vịt Vân Đình\n1 củ rềng, 1 củ tỏi\n3 khúc sả, 2 củ hành tím\n1 thìa mẻ, 2 thìa sa tế\nGia vị khác: Nước mắm, bột canh và tiêu (có thể thêm mật ong)\nCác bước thực hiện và cách ướp thịt nướng Vân Đình:\n\nRiềng, tỏi, sả, hành tím bóc vỏ, băm nhỏ.\nVới vịt bạn nhặt sạch lông tơ rồi đem rửa sạch.\nThịt vịt khá ngon thế nhưng nếu bạn không làm cẩn thận vịt sẽ có mùi hôi và ảnh hưởng đến vị ngon của món ăn. Việc khử mùi hôi của vịt cũng không hề khó đâu nhé, bạn có thể thực hiện bằng cách là dùng rượu trắng hoặc gừng giã nhỏ xát và thoa đều lên mình vịt rồi rửa lại bằng nước sạch.\nvịt nướng Vân Đình\nMổ phanh vịt rồi ướp vịt với hành tỏi, riềng, sả, mẻ, sa tế, thêm chút hạt tiêu, xíu bột canh, nước mắm, ướp thịt vịt chừng 45-50 phút để thịt vịt ngấm gia vị.\nướp vịt làm vịt nướng Vân Đình\nSau thời gian ướp cho thịt vịt lên vỉ nướng và nướng trên bếp than hoa. Khi nướng bạn nhớ lật đều các mặt để thtij chín thơm và đều. Nếu thích thịt vịt có thêm chít vị ngọt, da rụm và thơm bạn có thể phết lên thịt vịt một chút mật ong rồi nướng nhé.\nThịt vịt chín bạn chặt thành từng miếng nhỏ rồi bày ra đĩa. Vậy là với một vài thao tác rất đơn giản thôi bạn đã có ngay món vịt nướng ngon ngay tại nhà mà không phải cất công ra tận hàng quán để mua. Thật thú vị đúng không nào.','phatnd0302@gmail.com'),(90,1,5,1,4,'Lẩu vịt măng cay','http://192.168.1.20:8070/image/cach-lam-lau-vit-mang-cay-300x189.jpg',1,'Lẩu là một món ngon dễ ăn được nhiều người ưa thích, để bữa ăn cuối tuần thêm vui và đổi vị ngày hôm nay chúng ta hãy cùng vào bếp thực hiện món lẩu vịt măng cay. Món này ăn với cơm cũng ngon mà với bún thì càng tuyệt. Giờ chúng ta cùng vào bếp xem để xem cách làm lẩu vịt măng cay cần những nguyên liệu gì và thực hiện những thao tác nào nhé.','Nguyên liệu chuẩn bị cho món lẩu vịt măng cay:\n1,5 kg thịt vịt\n500 gam măng tươi hoặc măng chua\n3 quả dừa\n2 hộp đậu phụ non\n1 túi váng đậu\n1 củ gừng nhỏ, 1 củ tỏi, 2 củ hành tím, 4-5 quả ớt\n1 củ cà rốt, 1-2 củ khoai môn, nấm hương\nRau ăn kèm\nGia vị: Tiêu, muối, đường, bột ngọt, rượu trắng, sa tế\nCách làm lẩu măng chua cay:\n\nGừng cạo vỏ, giã nhuyễn. Hành tím, tỏi bóc vỏ, băm nhỏ.\nĐậu hũ non cắt miếng vừa ăn.\nđậu hxu non xăt miếng làm lẩu vịt măng cay\nỚt rửa sạch, cắt lát. Cà rốt, khoai môn bạn gọt vỏ, thái miếng vừa ăn. Nấm hương rửa sạch, ngâm và cắt bỏ chân\nRau ăn kèm nhặt và rửa sạch, vớt ra để ráo.\nVới thịt vịt bạn làm sạch lông, xát thịt vịt qua với muối rồi rửa sạch. Tiếp đến hòa rượu với gừng giã nhỏ và chà lên quanh mình thịt vịt. Cách làm này sẽ giúp bạn khử mùi hôi của thịt vịt. Sau đó bạn rửa thịt vịt dưới nước sạch và chặt miếng vừa ăn.\nCho thịt vịt vào tô và ướp với hành, 1/2 tỏi băm, 1/2 cafe tiêu, 1/2 cafe bột ngọt, 1/3 cafe muối, 2 cafe nước mắm, 1 quả ớt cắt lát. Trộn đều và ướp thịt chừng 30 phút cho ngấm gia vị.\nVới măng sẽ rửa sạch, thái mỏng. Cho măng vào nồi và đổ ngập nước, thêm 1/2 muối vào và luộc cho măng bớt hăng. Khi măng sôi, bạn mở vung/nồi và tiếp tục duy trì luộc thêm chừng 5-10 phút rồi cho măng ra xối dưới nước sạch. Lặp lại thao tác luộc thêm 1-2 lần để măng được ngon.\nMăng là nguyên liệu dễ chế biến và thường xuyên góp mặt vào bữa cơm gia đình, nếu bạn sử dụng măng tươi và số lượng măng bạn dùng không thể hết cho 1 lần nấu, bạn có thể dự trữ và để lần tới sử dụng. \nBắc chảo lên bếp, làm nóng 1 chút dầu ăn rồi cho nốt phần tỏi băm vào phi thơm, tiếp đến cho thịt vịt vào đảo săn rồi mới cho cà rốt, khoai môn và nấm vào xào cùng, nêm thêm chút hạt nêm, muối, nước mắm vừa ăn. Đảo liên tục chừng 5 phút thì cho nước dừa xiêm vào ngập nguyên liệu. Đun sôi rồi hạ nhỏ lửa cho đến khi thịt vịt mềm.\nKhi thịt vịt mềm bạn trút măng vào và thêm đậu phụ, sa tế và ớt, nêm nếm lại gia vị và tắt bếp.\nCho tất cả ra nồi lẩu và với món ăn nay bạn có thể ăn với cơm hoặc với bún đều rất ngon','phatnd0302@gmail.com'),(91,1,5,1,2,'Vịt tiềm thuốc bắc','http://192.168.1.20:8070/image/cach-nau-vit-tiem-thuoc-bac-300x200.jpg',NULL,'Thêm một món ngon cực kỳ bổ dưỡng mà bạn có thể dành tặng cho các thành viên trong gia đình đổi vị đỡ ngán đó chính là món vịt tiềm thuốc bắc. Món ngon này hấp dẫn và bổ dưỡng không khác gì món gà hầm thuốc bắc hay chân giò hầm thuốc bắc đâu nhé, hương vị tuyệt ngon, bạn vừa có thể ăn kèm với cơm hay bún đều được cả. Và nhất là sẽ không lo ngấy. Bạn có muốn biết cách nấu vịt tiềm thuốc bắc này như thế nào không? Không hề khó đâu, mặc dù sẽ hơi tốn thời gian một chút so với việc thực hiện các món ăn thông thường vào bữa ăn hàng ngày một chút nhưng thành quả thì không hề phụ công chút nào.','Nguyên liệu thực hiện món vịt tiềm thuốc bắc:\n1 kg thịt vịt\nNước dừa tươi (1 quả), 1-2 khúc mía tươi, 1 củ hành tím, 1 củ gừng\nThuốc bắc: 100 gam hạt sen, 50 gam kim châm, 100 gam củ ma-rông, 200 củ năng, 100 gam táo khô, 50 gam bạch quả.\nNgò rí, nấm đông cô\n1 chén rượu trắng\n1 ít mỡ rán\nGia vị: Bột hồ tiêu, hạt nêm, muối tiêu mặn, muối, bột ngọt\nCách nấu vịt tiềm thuốc bắc bạn thực hiện theo một vài thao tác sau:\n\nGừng cạo vỏ, giã nhỏ, vắt lấy nước và hòa cùng rượu trắng.\nThịt vịt rửa sạch, nhổ bỏ các phần lông nhỏ còn xót lại. Sau đó bạn lấy phần nước gừng đã hòa với rượu trắng chà và thoa khắp mình thịt vịt cho bớt hôi.\nLòng vịt rửa sạch với muối hạt, rửa sạch và cắt thành các khúc ngắn.\nVới các nguyên liệu trong gói thuốc bắc\n+ Hạt sen\nBạn đem rửa sạch. Bắc một nồi nước lên bếp, đun sôi rồi cho chút muối tiêu mặn vào. Cho hạt sen vào luộc mềm rồi cho ra ngoài và chà xát vỏ.\n+ Qủa ma-rông\nĐem rửa sạch, bắc 1 nồi nước lên bếp và cho chút muối vào đun sôi. Cho quả ma-rông vào luộc chín mềm rồi bỏ quả ra rửa sạch lại với nước sạch. Xắt hạt lựu.\n+ Củ năng\nGọt vỏ và xắt hạt lựu\n+ Táo đỏ rửa và ngâm qua cho mềm\n+ Nấm kim châm bỏ nhụy và bó lại thành từng bông.\n+ Bạch quả rửa sạch.\nVới nấm đông cô bạn sẽ đem rửa sạch, cắt chân và xắt thành hạt lựu.\nHành khô bóc vỏ, băm nhỏ.\nVới khúc mía tươi sẽ chẻ nhỏ thành các thanh mỏng.\nNgò rí nhặt và rửa sạch, vớt ra để ráo.\nBắc chảo lên bếp, làm nóng một chút mỡ heo rồi cho lòng vịt vào xào cùng các nguyên liệu trong thuốc bắc + nấm đông cô. Để món ăn thêm vừa vị bạn nêm thêm chút muối, tiêu và bột ngọt, đảo đều. Xào tái các nguyên liệu này.\nBước tiếp theo là cho các nguyên liệu vừa xào nhồi vào bụng vịt và dùng tăm ghim lại.\nCho vịt vào chảo mỡ sôi và chiên vàng.\nTiếp đến là cho cách thanh mía mỏng mà bạn đã chẻ và xếp ở dưới nồi, xếp vịt vào. Bạn pha nước dừa với nước sôi, thêm một chút muối và đổ phần hỗn hợp nước dừa này vào nồi để tiềm vịt.\nBắc 1 nồi nước sôi to (nồi nước đó đủ để chứa nồi vịt hầm nhé), đun sôi nồi nước và cho nồi vịt để tiềm vào đun cách thủy. Bạn đun cho thịt vịt chín mềm, trong quá trình đun nếu có bọt nổi lên bạn nhớ hớt phần bọt này ra. Một yếu tố không thể bỏ qua đó là cần nêm nếm gia vị cho vừa khẩu vị ','phatnd0302@gmail.com'),(92,1,5,1,4,'Vịt xáo măng','http://192.168.1.20:8070/image/cach-lam-vit-xao-mang-300x172.png',0,'Bên cạnh món vịt nướng thì món vịt xáo măng là một trong những món ăn rất được yêu thích đặc biệt là làm món nhậu. Món này ăn với cơm rất ngon mà với bún thì càng tuyệt. Cách làm vịt xáo măng cũng không quá khó, từ một vài nguyên liệu chuẩn bị cho món, chỉ cần một chút thời gian là bạn đã có món ngon tuyệt vời này rồi đấy.','Nguyên liệu chuẩn bị cho món vịt xáo măng:\n1 con vịt  hoặc 400 gam vịt (bạn có thể tận dụng phần cổ, cánh, chân vịt) + tiết vịt\n300 gam măng\n1 củ gừng, 3 củ hành tím, 1 ít hành lá + mùi tàu\n1 vài quả ớt\nGia vị: Nước mắm, hạt tiêu, mì chính, hạt nêm, sa tế, rượu trắng\nCách làm vịt xáo măng bạn thực hiện thao một vài thao tác sau:\n\nGừng cạo vỏ, 1/2 giã nhỏ, 1/2 băm nhỏ. Hành tím bóc vo, băm nhỏ. Ớt rửa sạch và cắt lát\nHành lá, mùi tàu nhặt và rửa sạch, thái nhỏ.\nVới thịt vịt bạn rửa sạch và dùng gừng đã giã nhỏ hòa với rượu trắng để xát quanh mình vịt. Đây là cách bạn có thể khử mùi hôi của thịt vịt đấy nhé.\nTiếp đến chia thịt vịt ra làm 2 phần. Đối với những phần như cổ, cánh và chân vịt bạn tận dụng để xáo măng, còn phần nhiều thịt như thân và mình vịt bạn có thể đem đi chế biến thành món vịt ngon yêu thích.\nVới phần cổ cánh và chân vịt, bạn đem chặt miếng vừa ăn. Uớp với 1 cafe nước mắm, 1 cafe hạt tiêu, gừng băm, 1/2 cafe mì chính, 1 cafe hạt nêm, trộn đều và để chùng 15 phút cho ngấm gia vị. Còn phần tiết vịt sẽ đem rửa sạch và thái thành các miếng hình chữ nhật.\nVề phần măng chua bạn cho ra rửa sạch và loại bỏ phần măng già, thái miếng hoặc tước nhỏ. Đem măng đi rửa sạch và vớt ra để ráo.\nLàm nóng chảo rồi cho 1/2 hành tím vào phi thơm, tiếp đến cho măng vào săn, bạn nêm thêm 1 – 2 cafe nước mắm để măng ngấm và đặm vị. Nếu muốn an tâm khi bạn sử dụng măng, các bạn có thể đem măng đi luộc qua cho bớt đắng và độc tố có trong măng nhé. ATGD có bài viết chia sẻ với các bạn một số mẹo vặt để khử tính đắng của măng, bạn có thể tham khảo thêm qua bài viết tại đây nhé.\nBắc nồi lên bếp, cho 3 cafe dầu ăn vào làm nóng, cho nốt phần hành tím còn lại vào phi thơm rồi bạn cho cổ, cánh và chân vịt  vào đảo, thêm 2 cafe sa tế rồi tiếp tục đảo cho đến khi thịt vịt săn lại. Bạn cho nước vào nồi, đun sôi rồi hạ nhỏ lửa, cho tiết vịt vào và đun chừng 30 phút cho vịt mềm và ra phần nước ngọt. Tiếp tục trút măng vào đã xào vào. Đun thêm chừng 5-7 phút cho măng mềm và hòa hương cùng thịt vịt.\nNêm nếm lại gia vị cho vừa ăn và cuối cùng trước khi tắt bếp bạn cho hành lá, ớt và rau mùi vào.','phatnd0302@gmail.com'),(93,1,5,1,4,'Vịt om măng','http://192.168.1.20:8070/image/cach-lam-v---t-om-mang-300x213.jpg',NULL,'Vịt om măng – một món ăn đã khá quen thuộc với bữa cơm gia đình Việt tuy nhiên sức hấp dẫn của món ăn này chưa bao giờ giảm, nhất là khi thời tiết mang một chút mưa hoặc hoặc mát trời. Để có món vịt om măng ngon, cách làm cũng không hề khó, chỉ cần đủ nguyên liệu cộng thêm yếu tố một chút thời gian nữa thôi là bạn đã có món ngon hấp dẫn này rồi. Và giờ chúng ta hãy cùng vào bếp để xem cách làm vịt om măng này thực hiện như thế nào nhé.','Nguyên liệu chuẩn bị cho món vịt om măng:\n1 con vịt xiêm\n600 gam măng củ chua\n1 chén rượu trắng\n1 củ gừng, 2 củ hành tím, 1 ít hành lá, mùi tàu\nGia vị: Muối, hạt nêm, bột canh, tiêu\nCác bước thực hiện món vịt om măng\n\nGừng cạo vỏ, giã nhỏ.\nHành tím bóc vỏ, băm nhỏ.\nHành lá, mùi tàu nhặt và rửa sạch, thái nhỏ.\nVới thịt vịt bạn rửa sạch, làm sạch thịt vịt với muối. Sau đó cho gừng giã vào bát hòa cùng 1 chén rượu trắng rồi lấy hỗn hợp rượu gừng này thoa và chà khắp mình vịt. Đây là cách để bạn có thể khử mùi hôi của thịt vịt một cách hiệu quả và độ hấp dẫn của món ăn sẽ không bị mùi khó chịu của thịt vịt làm ảnh hưởng.\nThịt vịt có thể chế biến ra rất nhiều món ngon hấp dẫn, nếu bạn yêu thích các món ăn được chế biến từ nguyên liệu này, bạn có thể tham khảo thêm tại đây một vài món ngon hấp dẫn từ thịt vịt để có thêm lựa chọn cho gia đình mình nhé.\nBước tiếp theo là bạn chặt thịt vịt thành từng miếng vừa ăn, sau đó ướp với hành tím, 1 cafe hạt nêm, 1/2 cafe tiêu, 1/2 cafe muối, trộn đều và ướp chừng 15 phút cho ngấm gia vị.\nBắc nồi lên bếp, làm nóng một chút dầu ăn rồi cho hành tím vào phi thơm. Tiếp đến là cho thịt vịt vào đảo săn. Khi đã săn thịt rồi bạn cho nước vào, đun sôi rồi hạ nhỏ lửa cho đến khi thịt vịt chín mềm.\nMăng chua bạn đem rửa sạch và cho vào nồi, đổ nước và luộc chín, rửa sạch và thái miếng vừa ăn. Bạn luộc chừng 2-3 lần nếu như măng sử dụng nước luộc có màu vàng nâu hoặc nước chưa trong.\nBắc chảo lên bếp, cho 1 muỗng canh dầu ăn rồi cho măng vào xào săn, nêm nếm gia vị cho vừa ăn. Khi măng đã được bạn cho vào nồi, đun cùng thịt vịt. Đun thêm chừng 10 phút, nếu thích thêm vị cay có thể một vài lát ớt nhé.\nCuối cùng bạn cho hành lá, rau mùi vào và tắt bếp.','phatnd0302@gmail.com'),(94,1,7,1,4,'Bánh canh cua đồng','http://192.168.1.20:8070/image/Cach-nau-banh-canh-cua-dong.jpg',NULL,'Thời tiết ngày cuối tuần nóng nực, thay vì nấu một bữa cơm quen thuộc cho gia đình, bạn hãy trổ tài món bánh canh cua đồng để chiêu đãi cả nhà nhé! Nguyên liệu đơn giản, cách nấu bánh canh cua đồng lại không quá khó mà hương vị thì thơm ngon đến mê hoặc. Còn chần chừ gì nữa, bắt tay vào bếp ngay thôi nào.','Món bánh canh cua đồng cần có những nguyên liệu sau\nPhần bánh canh\n– 200 gam bột gạo tẻ\n– 200 bột năng\n– 1 thìa cafe muối, 1 thìa canh dầu ăn\nNguyên liệu cho nước dùng\n– 500 gam cua đồng\n– 500 gam xương heo\n– 2 quả cà chua, hành lá, rau mùi\n– 1 củ hành khô bằm nhỏ\n– Rau sống dùng để ăn kèm bánh canh cua\n– 1 thìa canh dầu hạt diều\n– Gia vị: Muối, hạt nêm, nước mắm, bột ngọt, dầu ăn\nCách nấu bánh canh cua đồng\n\nSơ chế cua đồng\n– Cho cua vào xoong xóc rửa thật sạch.\n– Tách lấy phần thân xay nhuyễn cùng vài hạt muối.\n– Bạn cho từng ít nước một vào phần cua xay bóp nhẹ, sau đó chờ thịt cua nổi lên thì lọc lấy phần nước bên trên, trút nước lọc cua vào nồi. Phần mai khêu gạch để riêng.\nGiờ thì những hàng bán cua có máy xay rất tiện nên khi mua bạn có thể nhờ người bán làm luôn nhé!\nHầm xương heo\n– Xương heo rửa sạch, luộc sơ rồi vớt ra rửa sạch, đổ bỏ nước đầu.\n– Đun sôi khoảng 500 ml nước, bạn thả xương heo vào cùng 1 thìa cafe muối, đợi nước sôi trở lại thì hạ lửa nhỏ chỉ để nước sủi tăm. Bạn hầm xương heo khoảng 30 phút để lấy nước cốt xương nhé!\nTrong lúc chờ nước hầm xương, chung mình sẽ đi chuẩn bị phần bánh canh nhé!\nBánh canh có bán sẵn rất nhiều ở ngoài chợ nhưng nếu muốn có bánh canh trắng mềm, thơm ngon, hợp vệ sinh thì bạn có thể tự làm bánh canh tại nhà nhé!\n– Trộn bột gạo, bột năng với muối và nước, nhào đều tay để được hỗn hợp bột dẻo, mịn.\n– Cán mỏng bột, cắt thành sợi nhỏ.\n– Đun sôi nước, bạn thả sợi bột vào, đợi khoảng 3-5 phút rồi vớt bánh canh ra xả nước lạnh.\nĐể hiểu chi tiết hơn về cách làm bánh canh ngon, hãy tham khảo công thức làm bánh canh tại đây nhé! Đảm bảo thành phẩm bánh canh của bạn sẽ thơm mềm hơn rất nhiều so với mua ngoài hàng đấy.\nCà chua rửa sạch, bổ múi cau.\n– Hành lá, rau mùi rửa sạch, cắt nhỏ.\n– Rau sống ăn kèm ngâm với nước muối loãng, rửa sạch rồi để ráo nước.\nPhi thơm hành khô bằm, cho màu cua, cà chua vào xào mềm cùng 1 thìa canh dầu hạt điều.\n– Lúc này xương heo đã hầm xong, bạn vớt xương heo ra đĩa, chắt lấy nước cốt hầm xương nhé!\n– Cho nồi nước gạch cua lên bếp, vừa đun vừa khuấy nhẹ tay khoảng 2-3 phút để gạch cua không bị đóng bánh dưới đáy nồi. Chờ gạch cua đóng bánh nổi lên thì bạn vớt gạch cua ra bát để gạch cua không bị vỡ nát, mất thơm ngon.\n– Trút phần nước hầm xương cùng cà chua xào vào nước dùng. Nêm nếm lại gia vị cho vừa ăn, đun tới khi nước riêu cua sôi thì hạ lửa thật nhỏ, để nước riêu cua sôi liu riu.\nLấy bánh canh ra tô, cho phần gạch cua lên bánh canh cùng hành lá, rau mùi cắt nhỏ.\nCuối cùng bạn chan nước dùng lên trên là có thể thưởng thức ngay hương vị tuyệt vời của món bánh canh cua đồng tuyệt ngon này rồi.','phatnd0302@gmail.com'),(95,1,7,1,2,'Cháo cua bí đỏ','http://192.168.1.20:8070/image/chao-cua-bi-do-300x225.jpg',NULL,'Ăn dặm là một giai đoạn quan trọng quan trọng giúp bé bổ sung các chất dinh dưỡng cần thiết để phát triển toàn diện về thể chất và tinh thần. Giai đoạn bé bắt đầu ăn dặm cũng là lúc bé bắt đầu tập làm quen với mùi vị của các loại thức ăn cũng như hình thành nên khẩu vị ưa thích. Việc ăn dặm không đúng cách có thể dẫn đến tình trạng trẻ suy dinh dưỡng, hoặc những món ăn dặm lặp đi lặp lại khiến trẻ chán ngán và bỏ bữa. Ở đây, mình sẽ gửi đến các bạn một món cháo bí đỏ rất hấp dẫn, tốt cho bé mà mùi vị ngon mê đó chính là món cháo cua bí đỏ.','Nguyên liệu chuẩn bị cho món cháo cua bí đỏ:\n40 gam gạo\n30 gam thịt cua\n30 gam bí đỏ\n300 ml nước\n1 củ hành tím\n1 nhánh hành lá\nGia vị: Nước mắm, muối.\nCác bước thực hiện món cháo cua bí đỏ:\n\n Bí đỏ bạn gọt vỏ, xắt miếng nhỏ. Bạn có thể xắt thành hạt lựu để khi ninh bí đỏ nhanh nhừ hơn nhé.\nHành tím bóc vỏ, băm nhỏ.\nHành lá nhặt sạch, cắt rễ và thái khúc ngắn.\nGạo bạn đem vo qua rồi cho vào nồi, thêm 300 ml nước và ninh. Khi cháo bắt đầu gần nhừ, bạn cho bí đỏ vào và nấu nhừ, bạn có thể thêm chút muối để cháo không bị nhạt nhé. Tắt bếp.\nVới thịt cua\nBạn bắc lên bếp, làm nóng 1 chút dầu ăn và phi thơm hành tím, tiếp đến bạn cho cua vào xào thơm. Bạn nêm thêm chút nước mắm để thịt cua đặm vị nhé. Thịt cua chín, bạn tắt bếp và cho 1 thìa cafe dầu ăn vào, cho thịt cua ra bát nhỏ.\nCuối cùng bạn múc cháo cua bí đỏ ra tô nhỏ cho thịt cua vào và trộn đều. Thêm chút hành lá để món ăn thêm hấp dẫn nhé. Với sự kết hợp hoàn hảo giữa 2 nguyên liệu là bí đỏ – giúp bổ dung viatmin A rất tốt cho mắt, tăng sức đề kháng cho trẻ; thịt cua giàu canxi giúp cho xương của bé phát triển tốt. Đây là một gợi ý khá hay cho bữa ăn đổi vị món ngon cho bé trong giai đoạn ăn dặm đấy nhé. Có 1 lưu ý nhỏ là bạn không nên sử dụng bột ngọt để nêm nếm thêm cho món ăn của bé nhé, bởi bột ngọt không tốt cho phát triển hệ xương của bé sau này.','phatnd0302@gmail.com'),(96,1,7,1,4,'Bún rêu cua đồng','http://192.168.1.20:8070/image/Cach-nau-bun-rieu-cua-dong-300x225.jpg',0,'Khác với cách nấu cầu kỳ của tô bún riêu miền nam hay hương vị độc đáo của tô bún riêu miền bắc, cách nấu bún riêu cua đồng là sự giản dị đến thân thuộc gần gũi khi chỉ đơn giản với nước dùng được xay từ cua đồng, cái vị ngọt đặc trưng ấy thấm vào từng sợi bún mềm dai, chỉ thêm vài miếng đậu phụ chiên vàng, béo ngậy cũng đã đủ để làm say lòng bất kỳ ai từng một lần thưởng thức nó. Nhanh tay vào bếp cùng Ẩm thực gia đình để đi tìm hiểu lý do tại sao món bún riêu cua đồng giản dị mà lại có sức mê hoặc lớn đến như vậy nhé!','Món bún riêu cua đồng cần có những nguyên liệu sau\n500 gam cua đồng\n3 quả cà chua\n 2 bìa đậu phụ\n300 gam bún rối (bạn có thêm bớt lượng bún tùy theo khẩu phần ăn của gia đình nhé)\n Rau muống chẻ, bắp chuối bào, giá sống, húng quế để ăn kèm bún\nHành lá, ớt tươi, rau mùi\n100 gam hành khô\nGia vị: Dầu ăn, muối, hạt nêm, bột ngọt, nước mắm, giấm bỗng (hoặc me vắt)\nCách chế biến món riêu cua đồng bạn nhé\n\nRau dùng để ăn kèm bún riêu bạn nhặt rồi rửa sạch, để ráo nước (bạn có thể ngâm ra trong nước muối pha loãng để rau sạch và an toàn hơn khi ăn sống nhé).\nHành lá, mùi tàu rửa sạch, cắt nhỏ. Ớt tươi rửa sạch, cắt lát. Cà chua rửa sạch, thái hạt lựu.\nĐậu phụ bạn cắt thành từng miếng vuông nhỏ, chiên vàng đều các mặt.\nHành tím bóc vỏ, thái lát mỏng, chiên vàng.\nSau khi chiên hành xong, bạn trút bớt dầu ra khỏi chảo, chỉ để lại khoảng 1 muỗng canh, bạn cho màu cua vào phi thơm cùng 1/2 muỗng canh nước mắm, bạn nhanh tay trút cà chua vào xào cùng, nêm thêm vào nguyên liệu 1/2 thìa cafe muối. Bạn xào cho tới khi cà chua chín nhừ thì tắt bếp.\nCho cua vào xoong xóc rửa thật sạch.\nTách lấy phần thân xay nhuyễn cùng vài hạt muối. Bạn cho từng ít nước một vào phần cua xay bóp nhẹ, sau đó chờ thịt cua nổi lên thì lọc lấy phần nước bên trên, bạn trút nước lọc cua vào nồi. Phần mai khêu gạch để riêng.\nXào phần mai với hành khô băm nhỏ, để riêng.\nNgoài bún riêu cua, cua đồng còn được dùng để chế biến thành rất nhiều món ăn ngon. Cùng tham khảo công thức các món ăn ngon từ cua đồng tại ATGD để chiêu đãi gia đình và chia sẻ cùng bạn bè bạn nhé!\nCho nồi nước gạch cua lên bếp. Bạn vừa đun vừa khuấy nhẹ tay khoảng 2-3 phút để gạch cua không bị đóng bánh dưới đáy nồi. Sau đó bạn đậy nắp lại, chờ gạch cua đóng bánh nổi lên thì bạn vớt gạch cua ra bát để gạch cua không bị vỡ nát, mất thơm ngon nhé!\nTrút 50 ml nước giấm bỗng, gạch cua xào, đậu phụ chiên cùng cà chua xào vào nước gạch cua. Bạn nêm nếm lại gia vị cho vừa ăn, đun tới khi nước riêu cua sôi thì hạ lửa thật nhỏ, để nước riêu cua sôi liu riu.\nLấy bún ra tô (để đảm bảo vệ sinh hơn, bạn có thể trần qua bún với nước sôi nhé), xếp phần gạch cua vào tô, bạn rắc hành lá, rau mùi cắt nhỏ và hành khô phi vàng lên trên, chan nước dùng là có thể thưởng thức ngay hương vị tuyệt vời của món bún riêu cua đồng này rồi ','phatnd0302@gmail.com'),(97,1,7,1,4,'Miến cua đồng','http://192.168.1.20:8070/image/cach-nau-mien-cua-dong-300x276.jpg',1,'Đã từ lâu những món ăn từ cua đồng luôn mang lại cho chúng ta cảm giác dân dã, gần gũi và gắn liền với tuổi thơ của mỗi người. Vậy hãy cùng Ẩm thực gia đình học cách nấu miến cua đồng thơm ngon, đúng vị thôn quê cho những người thân yêu của bạn và cùng tạo ra hương vị khó quên cho gia đình mình.','Nguyên liệu nấu món cua đồng:\nCua đồng đã xay (200gr)\nCà chua (3 quả)\nMiến: 100 gam\nHành lá, hành củ, bột nêm, nước mắm, hạt tiêu (nếu thích).\nCách thực hiện:\n\nCua xay mang hòa với nước ( lượng nước vừa phải để ăn bạn nhé) , tiếp đến lọc bỏ xác cua, cho nước đã lọc nấu lửa nhỏ, rắc thêm một chút muối trắng để nạc cua nổi lên, đến khi nước trong và sôi nhẹ thì vớt nạc cua để riêng ra.\nMiến rửa sạch trần qua nước nóng, để ráo và cắt khúc vừa ăn.\nCà chua, hành lá rửa sạch, xắt miếng. Phi thơm hành củ thì cho cà chua vào xào hơi nát.Bạn có thể cho ít muối vào lúc xào cà chua để cà chua dễ nát hơn. Sau đó đổ nước lọc cua vào đun sôi thì nêm nước mắm và bột nêm vào vừa ăn.\nCho miến và nạc cua vừa sơ chế vào phần nước vừa đun sôi, thả hành lá vào. Thành phẩm dùng ăn nóng.','phatnd0302@gmail.com'),(98,1,7,1,2,'Súp cua biển','http://192.168.1.20:8070/image/ca1-300x201.png',NULL,'Cua biển là loại thực phẩm chứa nhiều canxi, vitamin A, B1, B2… ngoài ra loại thực phẩm này còn có tác dụng thanh nhiệt, sinh huyết và giảm đau. Có lẽ vì thế nên thịt cua biển đã được các đầu bếp ưu ái chế biến thành nhiều món ngon trong đó không thể không nhắc đến món súp cua biển đây cũng là một món ăn tuyệt vời để bổ sung dinh dưỡng cho bé yêu đấy bạn. Hôm nay, bạn cùng mình vào bếp tìm hiểu cách nấu súp cua biển nhé.','Nguyên liệu chuẩn bị cho món súp cua biển:\nMột con cua biển cỡ lớn\n1 quả trứng gà\n300g xương sườn hoặc xương cục\n2 thìa bột năng\nHành tím, hành tươi và rau mùi\nNước mắm, hạt nêm, dầu ăn\nCác bước thực hiện món súp cua biển:\n\nRửa sạch xương rồi đem ninh với khoảng 2 lít nước để lấy nước dùng. Bạn lưu ý luộc qua rồi bỏ nước đầu để xương không bị hôi nhé.\nLàm sạch cua biển rồi đem hấp chín sau đó gỡ lấy thịt. Mách nhỏ bạn khi vớt cua ra thì ngâm ngay vào nước lạnh khoảng 3 phút sẽ gỡ thịt dễ hơn đấy nhé.\nBắc nồi lên bếp rồi cho hành tím vào phi thơm rồi cho thịt cua vào xào lăn.\nCho nước dùng vào nồi xào thịt cua rồi đun sôi rồi nêm gia vị cho vừa ăn.\nHòa bột năng với 1 bát con nước rồi cho vào nồi súp khuấy đều, đun đến khi sánh lại.\nĐập trứng, đánh tan rồi cho vào nồi khuấy đều theo một chiều để có vân trứng đẹp mắt.\nTắt bếp, rắc rau mùi đã băm nhỏ vào nữa là bạn đã có thể thưởng thức món súp cua biển cực ngon rồi đấy.','phatnd0302@gmail.com'),(99,1,7,1,4,'Súp cua óc heo','http://192.168.1.20:8070/image/oc-21-300x178.jpg',NULL,'Súp cua óc heo không chỉ là món khai vị ngon mà còn là món ăn dặm khoái khẩu cho các bé nữa đấy. Vị ngọt của thịt cua quyện lẫn vị ngậy của óc thật sự rất hấp dẫn nhưng nếu không chế biến cẩn thận thì món súp rất dễ bị tanh. Vậy bí quyết là gì? Hãy cùng mình khám phá cách nấu súp cua óc heo không bị tanh bạn nhé!','Ingredients\n1 lít nước dùng gà\n100g bột năng\n300g thịt cua xay\n1 bộ óc heo\n100g nấm rơm\n1 quả trứng gà\n2 thìa rượu trắng\n2 thìa dầu mè\nHạt tiêu, muối, nước mắm, mì chính\nHành tím, rau mùi (ngò rí)\nCác bước thực hiện món súp cua óc heo:\n\nLàm sạch óc heo: dùng tăm nhọn xiên nhẹ qua lớp màng bám quanh óc rồi cuốn theo một chiều để loại bỏ được hết lớp gân máu. Rửa sạch óc heo rồi ngâm vào bát nước lạnh pha rượu và dầu mè. Làm như vậy món súp sẽ không còn vị tanh đâu nhé.\nSau đó cho óc heo vào xửng hấp trong khoảng 5 phút rồi vớt ra ngâm nước muối loãng 2 phút để óc không bị đen. Tiếp theo cắt óc thành hình hạt lựu.\nƯớp cua, óc heo với nước mắm, muối, mì chính, hạt tiêu và hành tím băm nhỏ.\nRửa sạch nấm rồi cắt đôi.\nBắc chảo phi thơm hành rồi cho óc heo và cua vào xào sơ qua.\nĐun sôi nước dùng gà rồi cho nấm và bột năng đã hòa với 1 bát nước lạnh vào khuấy đều.Cho tiếp trứng đã đánh tan vào khuấy theo một chiều để tạo vân mây đẹp\nCho cua và óc heo vào nồi súp, nêm gia vị cho vừa ăn rồi đun sôi.\nTắt bếp, rắc hạt tiêu, rau mùi đã cắt nhỏ và bây giờ bạn có thể thưởng thức thành quả.','phatnd0302@gmail.com'),(100,1,6,1,2,'Cá cơm kho nghệ','http://192.168.1.20:8070/image/cacom-300x209.jpg',NULL,'Nhiều người thường ngại ăn cá vì sợ hóc xương. Các bà mẹ dù rất muốn đổi khẩu vị cho con nhưng cũng chỉ dám cho con ăn cá vài bận trong tháng. Vậy mà cá cơm thần kỳ lại là món ăn ngon lành đến trẻ con cũng có thể thưởng thức. Đơn giản vì nó không xương và có mùi vị dân dã đặc trưng rất hấp dẫn. Trời lạnh thế này mà ăn một đĩa cá cơm kho nghệ cay cay, thơm thơm thì cứ gọi là căng bụng chỉ muốn chui ngay vào chăn','Nguyên liệu chuẩn bị gồm có:\n200-300g cá cơm (tươi hoặc khô đều được)\nBột nghệ\nGia vị cá kho\nỚt\nDầu ăn, gia vị nêm các loại\nCác bước thực hiện như sau:\n\nCá cơm đem rửa sạch với nước muối, bỏ đầu để ráo nước.\nĐem ướp cá với bột nghệ, gia vị cá kho, đường, hạt nêm, nước tương, để một lúc cho ngấm.\nĐặt nồi (hoặc thố đất) lên bếp, cho dầu ăn đợi nóng thì cho cá đã ướp vào đảo nhẹ tay tránh cho cá bị nát.\nĐong nước xâm xấp mặt cá, để lửa nhỏ liu riu, kho đến khi nước gần cạn hoặc cạn hẳn.\nTắt bếp rồi bày lên mâm, rắc hạt tiêu cùng ớt thái lát lên trên.','phatnd0302@gmail.com'),(101,1,6,1,2,'Cá hú kho thơm','http://192.168.1.20:8070/image/ca-hu-kho-thom-300x279.jpg',1,'Cá hú kho thơm là sự kết hợp tinh tế giữa vị ngậy bùi của cá cùng vị thơm mát của dứa. Không chỉ đưa cơm mà món ăn này mang lại nhiều chất dinh dưỡng lắm nhé. ','Nguyên liệu cá hú kho thơm bao gồm:\nCá hú (600g)\n1 qủa thơm ( quả dứa)\nHành lá, hành khô, tỏi, ớt\nGia vị: nước mắm, tiêu, muối, đường\nCách làm cá hú kho thơm:\n\nCá hú rửa sạch với nước, sau đó cho cá rửa với chút dấm ( như vậy cá sẽ không bị tanh nhé các bạn), rửa lại với nước và để ráo.\nCá cho vào tô ướp cùng nước mắm, muối, tiêu, đường, hành khô.\nDứa rửa sạch, thái lát mỏng vừa ăn.\nCho xoong lên bếp, phi tỏi cho thơm rồi cho chút nước và đường vào khuấy đều đến khi nước đường đặc lại và chuyển sang màu nâu thì được.\nXếp cá vào nồi cùng với dứa, đun nhỏ lửa tầm 30 phút, cho thêm hành lá và ớt vào nêm nếm lại cá cho vừa ăn.','phatnd0302@gmail.com'),(102,1,6,1,2,'Cá kho làng Vũ Đại','http://192.168.1.20:8070/image/ca-kho-vu-dai-300x184.jpg',1,'Món cá kho cổ truyền của làng Đại Hoàng (Vũ Đại) Hà Nam đã có từ  lâu đời và đang rất nổi tiếng bởi phương pháp kho cá rất riêng và độc đáo, có thể bảo quản được lâu mà vẫn giữ  được hương vị ngon như thường. Cùng tìm hiểu công thức làm món ăn này nhé!','Nguyên liệu làm món cá kho này gồm có:\nCá trắm đen: 1 con khoảng 1.5 kí\nSườn heo: 300 gam (Chọn mua loại có nhiều mỡ một chút kho cá sẽ ngon hơn)\nRiềng: 1 củ to\nHành khô: 4 củ\nGừng: 1 củ\nNước dừa: 2 quả\nChanh: 3 quả (vắt lấy nước cốt)\nGia vị: Nước mắm, muối, hạt tiêu, ớt, nước màu\nVà dĩ nhiên là không thể thiếu nồi đất\nCác bước thực hiện món cá kho này gồm có:\n\nCá kho phải là cá trắm đen thịt chắc, dai ăn mới ngon. Cá bạn đem sơ chế sạch rồi cắt khúc, bỏ lại phần đầu và đuôi để nấu canh.\nSườn rửa sạch, chặt thành từng miếng vừa ăn.\nĐem giã nát gừng, hành và một nửa số riềng. Nửa còn lại bạn thái lát mỏng để lót dưới đáy nồi.\nChuẩn bị một chiếc nồi đất, xếp 1 lớp riềng dưới đáy nồi rồi xếp sườn lên, tiếp tục cho cá lên trên. Sau đó, rắc phần gừng -riềng -hành đã giã ở trên vào rồi nêm gia vị nước mắm, muối, hạt tiêu, ớt.\nĐổ nước dừa lên ngập mặp cá, nước dừa còn bạn vẫn giữ lại để trong quá trình kho nếu nước cạn bạn lại đổ thêm vào.\nĐặt nồi cá lên bếp (có bếp củi đun thì cá sẽ ngon hơn) đun đến khi nước sôi bạn đổ hỗn hợp nước màu +  nước cốt chanh vào rồi đậy nắp lại kho thật nhỏ lửa khoảng 8 – 12 tiếng. Trong quá trình kho khi nước gần cạn bạn lại đổ tiếp nước dừa vào đun, đến tiếng cuối cùng thì ngừng để cá cạn nước là được.','phatnd0302@gmail.com');
/*!40000 ALTER TABLE `meal` ENABLE KEYS */;
UNLOCK TABLES;

--
-- Table structure for table `meal_type`
--

DROP TABLE IF EXISTS `meal_type`;
/*!40101 SET @saved_cs_client     = @@character_set_client */;
/*!40101 SET character_set_client = utf8 */;
CREATE TABLE `meal_type` (
  `mealTypeID` int(11) NOT NULL AUTO_INCREMENT,
  `mealTypeName` varchar(50) DEFAULT NULL,
  PRIMARY KEY (`mealTypeID`)
) ENGINE=InnoDB AUTO_INCREMENT=8 DEFAULT CHARSET=utf8;
/*!40101 SET character_set_client = @saved_cs_client */;

--
-- Dumping data for table `meal_type`
--

LOCK TABLES `meal_type` WRITE;
/*!40000 ALTER TABLE `meal_type` DISABLE KEYS */;
INSERT INTO `meal_type` VALUES (1,'Unidentified'),(2,'cow'),(3,'pig'),(4,'chicken'),(5,'duck'),(6,'fish'),(7,'crab');
/*!40000 ALTER TABLE `meal_type` ENABLE KEYS */;
UNLOCK TABLES;

--
-- Table structure for table `privilege`
--

DROP TABLE IF EXISTS `privilege`;
/*!40101 SET @saved_cs_client     = @@character_set_client */;
/*!40101 SET character_set_client = utf8 */;
CREATE TABLE `privilege` (
  `privilegeID` int(11) NOT NULL AUTO_INCREMENT,
  `privilegeName` varchar(50) DEFAULT NULL,
  PRIMARY KEY (`privilegeID`)
) ENGINE=InnoDB AUTO_INCREMENT=3 DEFAULT CHARSET=utf8;
/*!40101 SET character_set_client = @saved_cs_client */;

--
-- Dumping data for table `privilege`
--

LOCK TABLES `privilege` WRITE;
/*!40000 ALTER TABLE `privilege` DISABLE KEYS */;
INSERT INTO `privilege` VALUES (1,'admin'),(2,'normal user');
/*!40000 ALTER TABLE `privilege` ENABLE KEYS */;
UNLOCK TABLES;

--
-- Table structure for table `user`
--

DROP TABLE IF EXISTS `user`;
/*!40101 SET @saved_cs_client     = @@character_set_client */;
/*!40101 SET character_set_client = utf8 */;
CREATE TABLE `user` (
  `email` varchar(100) NOT NULL,
  `privilegeID` int(11) NOT NULL DEFAULT '2',
  `password` varchar(20) DEFAULT NULL,
  `firstName` varchar(50) DEFAULT NULL,
  `lastName` varchar(50) DEFAULT NULL,
  `signUpDate` datetime NOT NULL DEFAULT CURRENT_TIMESTAMP,
  `profilePicture` text,
  `fullName` varchar(100) DEFAULT NULL,
  PRIMARY KEY (`email`),
  KEY `FK_PRIVILEGE_USER` (`privilegeID`),
  CONSTRAINT `FK_PRIVILEGE_USER` FOREIGN KEY (`privilegeID`) REFERENCES `privilege` (`privilegeID`) ON DELETE CASCADE ON UPDATE CASCADE
) ENGINE=InnoDB DEFAULT CHARSET=utf8;
/*!40101 SET character_set_client = @saved_cs_client */;

--
-- Dumping data for table `user`
--

LOCK TABLES `user` WRITE;
/*!40000 ALTER TABLE `user` DISABLE KEYS */;
INSERT INTO `user` VALUES ('caohoangthang93@gmail.com',1,'1234','Thắng','Cao','2015-06-15 21:33:43','','Cao Hoàng Thắng'),('ksangnguyenthi@gmail.com',2,NULL,'Kim Sang','Nguy?n Th?','2015-06-21 21:41:49','[\"https://graph.facebook.com/1625578374354693/picture?height\\u003d100\\u0026width\\u003d100\\u0026migration_overrides\\u003d%7Boctober_2012%3Atrue%7D\",\"https://graph.facebook.com/1625578374354693/picture?height\\u003d500\\u0026width\\u003d500\\u0026migration_overrides\\u003d%7Boctober_2012%3Atrue%7D\"]','Kim Sang Nguyen Thi'),('minh_triet193@yahoo.com.vn',2,NULL,'Lê Minh','Triet','2016-01-03 10:17:23','[\"https://graph.facebook.com/563810993774686/picture?height\\u003d100\\u0026width\\u003d100\\u0026migration_overrides\\u003d%7Boctober_2012%3Atrue%7D\",\"https://graph.facebook.com/563810993774686/picture?height\\u003d500\\u0026width\\u003d500\\u0026migration_overrides\\u003d%7Boctober_2012%3Atrue%7D\"]','Lê Minh Triet'),('phatnd0302@gmail.com',1,'1234','Phát','Nguyễn','2015-06-15 21:33:43','[\"https://fbcdn-sphotos-c-a.akamaihd.net/hphotos-ak-xpf1/v/t1.0-9/11055345_1076834165663316_5297298383485979134_n.jpg?oh=ecb695ccb966389836cab93b78b49b74&oe=562FB7CE&__gda__=1441618161_3e062e6085d5ceffb07428d753ae166a\"]','Nguyễn Đình Phát'),('thanghandsome1302@gmail.com',2,NULL,'Thang','Cao','2015-06-17 18:02:23','[\"https://graph.facebook.com/416861435141610/picture?height\\u003d100\\u0026width\\u003d100\\u0026migration_overrides\\u003d%7Boctober_2012%3Atrue%7D\",\"https://graph.facebook.com/416861435141610/picture?height\\u003d500\\u0026width\\u003d500\\u0026migration_overrides\\u003d%7Boctober_2012%3Atrue%7D\"]','Thang Hoang Cao '),('thefrozenman_176@yahoo.com.vn',2,NULL,'Phat','Imp','2015-06-18 07:56:40','[\"https://graph.facebook.com/1073359042677495/picture?height\\u003d100\\u0026width\\u003d100\\u0026migration_overrides\\u003d%7Boctober_2012%3Atrue%7D\",\"https://graph.facebook.com/1073359042677495/picture?height\\u003d500\\u0026width\\u003d500\\u0026migration_overrides\\u003d%7Boctober_2012%3Atrue%7D\"]','Phat Imp'),('thienthan_nhox93@yahoo.com.vn',2,NULL,'Thu?','Thu?','2016-01-03 10:20:47','[\"https://graph.facebook.com/976768525722767/picture?height\\u003d100\\u0026width\\u003d100\\u0026migration_overrides\\u003d%7Boctober_2012%3Atrue%7D\",\"https://graph.facebook.com/976768525722767/picture?height\\u003d500\\u0026width\\u003d500\\u0026migration_overrides\\u003d%7Boctober_2012%3Atrue%7D\"]','Thu Thu?');
/*!40000 ALTER TABLE `user` ENABLE KEYS */;
UNLOCK TABLES;

--
-- Dumping events for database 'fifo'
--

--
-- Dumping routines for database 'fifo'
--
/*!50003 DROP PROCEDURE IF EXISTS `SP_ACTION_FOLLOW` */;
/*!50003 SET @saved_cs_client      = @@character_set_client */ ;
/*!50003 SET @saved_cs_results     = @@character_set_results */ ;
/*!50003 SET @saved_col_connection = @@collation_connection */ ;
/*!50003 SET character_set_client  = utf8 */ ;
/*!50003 SET character_set_results = utf8 */ ;
/*!50003 SET collation_connection  = utf8_general_ci */ ;
/*!50003 SET @saved_sql_mode       = @@sql_mode */ ;
/*!50003 SET sql_mode              = 'STRICT_TRANS_TABLES,NO_AUTO_CREATE_USER,NO_ENGINE_SUBSTITUTION' */ ;
DELIMITER ;;
CREATE DEFINER=`root`@`localhost` PROCEDURE `SP_ACTION_FOLLOW`( action_status nvarchar(10) ,main_user nvarchar (100) ,
 another_user_email nvarchar(100) , out result int )
begin
         if  action_status = 'insert'
         then 
            insert into follow (email,followingEmail) values (main_user,another_user_email);
			set result = 1 ; 
		 elseif  action_status = 'delete'
         then 
           delete from follow where email = main_user and followingEmail = another_user_email ;
            set result = 1 ; 
		 else 
             set result = 0 ; 
         end if ; 
end ;;
DELIMITER ;
/*!50003 SET sql_mode              = @saved_sql_mode */ ;
/*!50003 SET character_set_client  = @saved_cs_client */ ;
/*!50003 SET character_set_results = @saved_cs_results */ ;
/*!50003 SET collation_connection  = @saved_col_connection */ ;
/*!50003 DROP PROCEDURE IF EXISTS `SP_CHECK_STATUS_MEAL_LIKE` */;
/*!50003 SET @saved_cs_client      = @@character_set_client */ ;
/*!50003 SET @saved_cs_results     = @@character_set_results */ ;
/*!50003 SET @saved_col_connection = @@collation_connection */ ;
/*!50003 SET character_set_client  = utf8 */ ;
/*!50003 SET character_set_results = utf8 */ ;
/*!50003 SET collation_connection  = utf8_general_ci */ ;
/*!50003 SET @saved_sql_mode       = @@sql_mode */ ;
/*!50003 SET sql_mode              = 'STRICT_TRANS_TABLES,NO_AUTO_CREATE_USER,NO_ENGINE_SUBSTITUTION' */ ;
DELIMITER ;;
CREATE DEFINER=`root`@`localhost` PROCEDURE `SP_CHECK_STATUS_MEAL_LIKE`( inputEmail nvarchar(50) , inputMealID int  ,out result int)
begin 
	   if   exists (select * from favorite where favorite.mealID = inputMealID and 
						favorite.email  = inputEmail ) 
		then 
          set result = 1 ;
		else 
		  set result = 0 ;
		end if ; 
end ;;
DELIMITER ;
/*!50003 SET sql_mode              = @saved_sql_mode */ ;
/*!50003 SET character_set_client  = @saved_cs_client */ ;
/*!50003 SET character_set_results = @saved_cs_results */ ;
/*!50003 SET collation_connection  = @saved_col_connection */ ;
/*!50003 DROP PROCEDURE IF EXISTS `SP_GET_INFORMATION_ANOTHER_USER` */;
/*!50003 SET @saved_cs_client      = @@character_set_client */ ;
/*!50003 SET @saved_cs_results     = @@character_set_results */ ;
/*!50003 SET @saved_col_connection = @@collation_connection */ ;
/*!50003 SET character_set_client  = utf8 */ ;
/*!50003 SET character_set_results = utf8 */ ;
/*!50003 SET collation_connection  = utf8_general_ci */ ;
/*!50003 SET @saved_sql_mode       = @@sql_mode */ ;
/*!50003 SET sql_mode              = 'STRICT_TRANS_TABLES,NO_AUTO_CREATE_USER,NO_ENGINE_SUBSTITUTION' */ ;
DELIMITER ;;
CREATE DEFINER=`root`@`localhost` PROCEDURE `SP_GET_INFORMATION_ANOTHER_USER`(main_user nvarchar(50) , 
another_user_email nvarchar(50) , out count_favorite bigint)
BEGIN 
   set count_favorite = (select  count(*) from favorite where email = another_user_email  );  
END ;;
DELIMITER ;
/*!50003 SET sql_mode              = @saved_sql_mode */ ;
/*!50003 SET character_set_client  = @saved_cs_client */ ;
/*!50003 SET character_set_results = @saved_cs_results */ ;
/*!50003 SET collation_connection  = @saved_col_connection */ ;
/*!50003 DROP PROCEDURE IF EXISTS `SP_GET_MEAL` */;
/*!50003 SET @saved_cs_client      = @@character_set_client */ ;
/*!50003 SET @saved_cs_results     = @@character_set_results */ ;
/*!50003 SET @saved_col_connection = @@collation_connection */ ;
/*!50003 SET character_set_client  = utf8 */ ;
/*!50003 SET character_set_results = utf8 */ ;
/*!50003 SET collation_connection  = utf8_general_ci */ ;
/*!50003 SET @saved_sql_mode       = @@sql_mode */ ;
/*!50003 SET sql_mode              = 'STRICT_TRANS_TABLES,NO_AUTO_CREATE_USER,NO_ENGINE_SUBSTITUTION' */ ;
DELIMITER ;;
CREATE DEFINER=`root`@`localhost` PROCEDURE `SP_GET_MEAL`(out v_mealNameVN nvarchar(50),out v_mealPicture text,out v_numberOfLike bigint)
BEGIN 
    select mealNameVN ,mealPicture , numberOfLike
	into v_mealNameVN , v_mealPicture , v_numberOfLike
	from meal;
END ;;
DELIMITER ;
/*!50003 SET sql_mode              = @saved_sql_mode */ ;
/*!50003 SET character_set_client  = @saved_cs_client */ ;
/*!50003 SET character_set_results = @saved_cs_results */ ;
/*!50003 SET collation_connection  = @saved_col_connection */ ;
/*!50003 DROP PROCEDURE IF EXISTS `SP_GET_USER` */;
/*!50003 SET @saved_cs_client      = @@character_set_client */ ;
/*!50003 SET @saved_cs_results     = @@character_set_results */ ;
/*!50003 SET @saved_col_connection = @@collation_connection */ ;
/*!50003 SET character_set_client  = utf8 */ ;
/*!50003 SET character_set_results = utf8 */ ;
/*!50003 SET collation_connection  = utf8_general_ci */ ;
/*!50003 SET @saved_sql_mode       = @@sql_mode */ ;
/*!50003 SET sql_mode              = 'STRICT_TRANS_TABLES,NO_AUTO_CREATE_USER,NO_ENGINE_SUBSTITUTION' */ ;
DELIMITER ;;
CREATE DEFINER=`root`@`localhost` PROCEDURE `SP_GET_USER`(out v_fullName nvarchar(100),out v_profilePicture text)
BEGIN 
    select fullName ,profilePicture 
	into v_fullName , v_profilePicture 
	from user;
END ;;
DELIMITER ;
/*!50003 SET sql_mode              = @saved_sql_mode */ ;
/*!50003 SET character_set_client  = @saved_cs_client */ ;
/*!50003 SET character_set_results = @saved_cs_results */ ;
/*!50003 SET collation_connection  = @saved_col_connection */ ;
/*!50003 DROP PROCEDURE IF EXISTS `SP_INS_fbUSER` */;
/*!50003 SET @saved_cs_client      = @@character_set_client */ ;
/*!50003 SET @saved_cs_results     = @@character_set_results */ ;
/*!50003 SET @saved_col_connection = @@collation_connection */ ;
/*!50003 SET character_set_client  = utf8 */ ;
/*!50003 SET character_set_results = utf8 */ ;
/*!50003 SET collation_connection  = utf8_general_ci */ ;
/*!50003 SET @saved_sql_mode       = @@sql_mode */ ;
/*!50003 SET sql_mode              = 'STRICT_TRANS_TABLES,NO_AUTO_CREATE_USER,NO_ENGINE_SUBSTITUTION' */ ;
DELIMITER ;;
CREATE DEFINER=`root`@`localhost` PROCEDURE `SP_INS_fbUSER`(v_email varchar(100), v_password varchar(20), v_firstName Nvarchar(50),
    v_lastName Nvarchar(50), v_fullName Nvarchar(100), v_profilePicture text, out v_result varchar(100))
BEGIN 
    IF (not EXISTS(SELECT * FROM `USER` WHERE `email` = v_email)) THEN
       INSERT INTO `USER` 
            (`email`,`password`,`firstName`,`lastName`,`fullName`,`profilePicture`) 
          VALUES 
            (v_email,v_password,v_firstName,v_lastName,v_fullName,v_profilePicture);
             set v_result =   (SELECT  User.fullName from User where email = v_email );  
	else 
     set v_result =   (SELECT  User.fullName from User where email = v_email );  
	end if ;
          
	IF(ROW_COUNT()=0) then
		BEGIN
			set v_result = 0;
			ROLLBACK;
		END;
	end if;
	

END ;;
DELIMITER ;
/*!50003 SET sql_mode              = @saved_sql_mode */ ;
/*!50003 SET character_set_client  = @saved_cs_client */ ;
/*!50003 SET character_set_results = @saved_cs_results */ ;
/*!50003 SET collation_connection  = @saved_col_connection */ ;
/*!50003 DROP PROCEDURE IF EXISTS `SP_LIKE_MEAL` */;
/*!50003 SET @saved_cs_client      = @@character_set_client */ ;
/*!50003 SET @saved_cs_results     = @@character_set_results */ ;
/*!50003 SET @saved_col_connection = @@collation_connection */ ;
/*!50003 SET character_set_client  = utf8 */ ;
/*!50003 SET character_set_results = utf8 */ ;
/*!50003 SET collation_connection  = utf8_general_ci */ ;
/*!50003 SET @saved_sql_mode       = @@sql_mode */ ;
/*!50003 SET sql_mode              = 'STRICT_TRANS_TABLES,NO_AUTO_CREATE_USER,NO_ENGINE_SUBSTITUTION' */ ;
DELIMITER ;;
CREATE DEFINER=`root`@`localhost` PROCEDURE `SP_LIKE_MEAL`(actionLike nvarchar(50) ,input_mealID int , 
 input_email nvarchar(50) , out result int )
begin 
	declare number_ofLikes INT default 0;
    set number_ofLikes = (select numberOfLike from meal where mealID = input_mealID) ; 
    if number_ofLikes is NULL 
    then 
		set number_ofLikes = 0 ; 
	end if;
	if  actionLike = 'LIKE' 
    then 
		update meal set numberOfLike = (number_ofLikes + 1) where mealID = input_mealID ; 
		insert into favorite (email,mealID ) values (input_email,input_mealID) ; 
    elseif actionLike = 'UNLIKE'
    then 
		update meal set numberOfLike = (number_ofLikes - 1) where mealID = input_mealID ; 
		delete from Favorite where email = input_email and mealID = input_mealID ; 
	else 
		set result = 0 ; 
    end if ;
	set result = 1 ; 
end ;;
DELIMITER ;
/*!50003 SET sql_mode              = @saved_sql_mode */ ;
/*!50003 SET character_set_client  = @saved_cs_client */ ;
/*!50003 SET character_set_results = @saved_cs_results */ ;
/*!50003 SET collation_connection  = @saved_col_connection */ ;
/*!50003 DROP PROCEDURE IF EXISTS `SP_Update_fbUSER` */;
/*!50003 SET @saved_cs_client      = @@character_set_client */ ;
/*!50003 SET @saved_cs_results     = @@character_set_results */ ;
/*!50003 SET @saved_col_connection = @@collation_connection */ ;
/*!50003 SET character_set_client  = utf8 */ ;
/*!50003 SET character_set_results = utf8 */ ;
/*!50003 SET collation_connection  = utf8_general_ci */ ;
/*!50003 SET @saved_sql_mode       = @@sql_mode */ ;
/*!50003 SET sql_mode              = 'STRICT_TRANS_TABLES,NO_AUTO_CREATE_USER,NO_ENGINE_SUBSTITUTION' */ ;
DELIMITER ;;
CREATE DEFINER=`root`@`localhost` PROCEDURE `SP_Update_fbUSER`(v_email varchar(100),v_fullName Nvarchar(100), out v_result varchar(100))
BEGIN 
    IF (not EXISTS(SELECT * FROM `USER` WHERE `email` = v_email)) THEN
       set v_result = 0 ; 
	else 
        update user set fullName = v_fullName where user.email = v_email ;
	   set v_result = 1 ; 
	end if ;
          
	IF(ROW_COUNT()=0) then
		BEGIN
			set v_result = 0;
			ROLLBACK;
		END;
	end if;
	

END ;;
DELIMITER ;
/*!50003 SET sql_mode              = @saved_sql_mode */ ;
/*!50003 SET character_set_client  = @saved_cs_client */ ;
/*!50003 SET character_set_results = @saved_cs_results */ ;
/*!50003 SET collation_connection  = @saved_col_connection */ ;
/*!40103 SET TIME_ZONE=@OLD_TIME_ZONE */;

/*!40101 SET SQL_MODE=@OLD_SQL_MODE */;
/*!40014 SET FOREIGN_KEY_CHECKS=@OLD_FOREIGN_KEY_CHECKS */;
/*!40014 SET UNIQUE_CHECKS=@OLD_UNIQUE_CHECKS */;
/*!40101 SET CHARACTER_SET_CLIENT=@OLD_CHARACTER_SET_CLIENT */;
/*!40101 SET CHARACTER_SET_RESULTS=@OLD_CHARACTER_SET_RESULTS */;
/*!40101 SET COLLATION_CONNECTION=@OLD_COLLATION_CONNECTION */;
/*!40111 SET SQL_NOTES=@OLD_SQL_NOTES */;

-- Dump completed on 2016-01-03 11:10:58
